loc,subj_idx,rt,angle,response
1,1,5.5115,98.5,1
1,1,3.8024,89.5,2
1,1,5.5102,73.5,2
1,1,3.9114,91.5,1
1,1,4.4048,105.5,1
1,1,2.3901,109.5,1
1,1,5.0218,89,2
1,1,3.3085,95,1
1,1,3.8772,78.5,2
1,1,2.4815,76,2
1,1,4.2041,101.5,1
1,1,3.0408,71,2
1,1,3.8777,80.5,2
1,1,3.9321,81.5,2
1,1,2.7245,105,1
1,1,2.8707,106,1
1,1,2.9724,70.5,2
1,1,2.7339,93,1
1,1,2.099,109,1
1,1,1.8123,98,1
1,1,2.5506,102,1
1,1,1.1967,104.5,1
1,1,2.405,84.5,2
1,1,1.8084,82.5,2
1,1,1.2797,108.5,1
1,1,3.819,96.5,1
1,1,2.3097,89.5,2
1,1,2.1404,103,1
1,1,1.8847,77.5,2
1,1,2.8617,94,1
1,1,3.2686,86,2
1,1,5.2958,94.5,1
1,1,4.6063,74.5,2
1,1,1.5173,81,2
1,1,3.0043,85,2
1,1,1.7934,80,2
1,1,1.9555,83.5,2
1,1,2.7452,70,2
1,1,1.1051,73,2
1,1,5.5931,108,1
1,1,5.0658,92,1
1,1,3.2229,77.5,2
1,1,4.1775,106.5,1
1,1,3.4322,95,1
1,1,1.6677,82,2
1,1,1.8972,87,2
1,1,1.5816,109.5,1
1,1,1.7589,82.5,2
1,1,3.1412,100.5,1
1,1,4.3423,102,1
1,1,2.6498,90.5,1
1,1,3.4865,78,2
1,1,2.5141,91.5,1
1,1,2.5585,79.5,2
1,1,3.0162,72.5,2
1,1,1.3378,109,1
1,1,1.5273,102.5,1
1,1,3.8145,106,1
1,1,1.8012,84,2
1,1,1.6778,81,2
1,1,3.3391,96,1
1,1,1.2328,104,1
1,1,1.5163,106.5,1
1,1,4.1446,100,1
1,1,1.8252,72.5,2
1,1,3.4544,85.5,2
1,1,1.3511,107,1
1,1,1.6491,95.5,1
1,1,1.4324,87.5,2
1,1,1.7488,94.5,1
1,1,1.3347,103.5,1
1,1,2.3192,92.5,1
1,1,1.4351,70.5,2
1,1,1.9578,75.5,2
1,1,3.9655,108,1
1,1,3.6766,102.5,1
1,1,1.4425,75,2
1,1,1.3395,99,1
1,1,2.0485,97.5,1
1,1,2.4085,86,2
1,1,1.2061,107.5,1
1,1,2.3399,74,2
1,1,1.9556,98.5,1
1,1,2.1046,101,1
1,1,3.2541,77,2
1,1,1.347,76.5,2
1,1,1.4702,85.5,2
1,1,2.9816,86.5,2
1,1,3.04,100,1
1,1,2.6205,78,2
1,1,2.2736,93.5,1
1,1,1.4038,95.5,1
1,1,1.1743,103,1
1,1,2.4329,81.5,2
1,1,1.663,83,2
1,1,1.5407,76.5,2
1,1,1.7367,82,2
1,1,1.9473,88.5,2
1,1,1.3372,83,2
1,1,1.8438,98,1
1,1,2.5247,80,2
1,1,1.4841,104.5,1
1,1,1.9753,104,1
1,1,1.6238,78.5,2
1,1,1.4306,71,2
1,1,4.414,73,2
1,1,3.801,79,2
1,1,2.2895,88,2
1,1,2.6963,91,1
1,1,2.1074,97,1
1,1,1.8428,99.5,1
1,1,3.1422,87.5,2
1,1,1.7009,84.5,2
1,1,2.0638,92.5,1
1,1,2.6425,97.5,1
1,1,2.2377,99.5,1
1,1,1.979,103.5,1
1,1,1.4437,110,1
1,1,1.3809,83.5,2
1,1,1.5071,101.5,1
1,1,2.2067,88.5,2
1,1,1.3185,74.5,2
1,1,1.8778,85,2
1,1,1.8661,88,2
1,1,1.3969,79,2
1,1,2.0305,70,2
1,1,1.4064,84,2
1,1,3.0665,107,1
1,1,1.3439,108.5,1
1,1,1.4631,105.5,1
1,1,1.3681,107.5,1
1,1,3.2593,93.5,1
1,1,1.4033,97,1
1,1,1.2952,80.5,2
1,1,5.2765,75.5,2
1,1,1.4804,72,2
1,1,1.4542,71.5,2
1,1,2.1324,73.5,2
1,1,1.335,71.5,2
1,1,2.5164,99,1
1,1,2.0102,72,2
1,1,1.445,75,2
1,1,1.9415,87,2
1,1,1.1546,77,2
1,1,1.1792,76,2
1,1,1.8501,94,1
1,1,2.7161,96.5,1
1,1,3.4915,96,1
1,1,2.4114,105,1
1,1,2.0816,86.5,2
1,1,5.1282,74,2
1,1,1.2443,110,1
1,1,2.8624,100.5,1
1,1,2.1629,79.5,2
1,1,2.0013,101,1
1,10,1.908210702,98.5,1
1,10,2.178161095,89.5,2
1,10,1.374421015,73.5,2
1,10,1.723735183,91.5,1
1,10,5.890487534,105.5,1
1,10,1.443241111,109.5,1
1,10,2.531352604,89,2
1,10,2.908392734,93,1
1,10,1.562179492,95,1
1,10,1.336103365,78.5,2
1,10,2.628517209,76,2
1,10,1.559420671,101.5,1
1,10,2.116516546,71,2
1,10,2.278647264,80.5,2
1,10,1.396188526,81.5,2
1,10,4.242179713,105,1
1,10,3.0629744,106,1
1,10,1.583649745,70.5,2
1,10,1.907615488,93,1
1,10,1.150816825,109,1
1,10,1.268431208,98,1
1,10,1.527368845,102,1
1,10,1.139076626,104.5,1
1,10,1.465985794,84.5,2
1,10,2.000599014,92,1
1,10,1.002207181,82.5,2
1,10,2.188673571,108.5,1
1,10,1.088434172,96.5,1
1,10,1.526903119,103,1
1,10,1.59410362,77.5,2
1,10,1.438356817,94,1
1,10,2.716945223,86,2
1,10,1.88195712,94.5,1
1,10,3.435572729,74.5,2
1,10,1.6535591,81,2
1,10,1.841057651,85,2
1,10,1.346233802,80,2
1,10,1.418523313,83.5,2
1,10,1.19461006,70,2
1,10,1.051410145,73,2
1,10,2.443235799,108,1
1,10,1.779286816,92,1
1,10,1.27785467,77.5,2
1,10,2.048504384,106.5,1
1,10,2.389508116,95,1
1,10,1.040497259,82,2
1,10,1.904193075,87,2
1,10,3.127765324,109.5,1
1,10,2.943984142,82.5,2
1,10,2.668792985,100.5,1
1,10,5.747607669,102,1
1,10,1.24904011,90.5,1
1,10,2.778988705,89,2
1,10,2.08227844,78,2
1,10,2.285712787,91.5,1
1,10,2.595764542,90.5,1
1,10,1.350528792,79.5,2
1,10,1.269530736,72.5,2
1,10,1.424877871,109,1
1,10,1.772725609,102.5,1
1,10,1.772863886,106,1
1,10,1.089734597,84,2
1,10,1.528811845,81,2
1,10,1.982640224,96,1
1,10,3.598617971,104,1
1,10,1.160273702,106.5,1
1,10,3.005795482,100,1
1,10,1.63155516,72.5,2
1,10,2.041883438,85.5,2
1,10,5.91043709,107,1
1,10,4.116337141,95.5,1
1,10,2.23529522,87.5,2
1,10,2.513997835,94.5,1
1,10,2.144650358,103.5,1
1,10,1.410977457,92.5,1
1,10,3.459179641,70.5,2
1,10,1.499407919,75.5,2
1,10,2.612071036,108,1
1,10,1.02078029,102.5,1
1,10,1.286083255,75,2
1,10,2.877611736,99,1
1,10,0.985984337,97.5,1
1,10,1.55884615,86,2
1,10,1.124958098,107.5,1
1,10,2.762330113,74,2
1,10,1.98365503,98.5,1
1,10,4.450233772,101,1
1,10,1.555597937,77,2
1,10,1.116686514,76.5,2
1,10,3.659580548,86.5,2
1,10,1.139615683,100,1
1,10,1.425774776,78,2
1,10,1.27437891,93.5,1
1,10,2.194573426,95.5,1
1,10,1.203651152,103,1
1,10,2.080858912,81.5,2
1,10,0.90145022,83,2
1,10,2.484924434,76.5,2
1,10,1.763800995,82,2
1,10,3.570280403,88.5,2
1,10,1.350703378,83,2
1,10,1.250279128,98,1
1,10,1.201542516,80,2
1,10,1.149039489,104.5,1
1,10,1.694398822,104,1
1,10,1.933693056,78.5,2
1,10,1.876244585,71,2
1,10,1.92638179,73,2
1,10,1.279082101,79,2
1,10,1.281804514,88,2
1,10,1.292125767,91,1
1,10,1.713839754,97,1
1,10,1.678436029,99.5,1
1,10,1.096990186,87.5,2
1,10,1.197553618,84.5,2
1,10,1.321236368,92.5,1
1,10,0.974785277,97.5,1
1,10,1.322917693,99.5,1
1,10,1.256816682,103.5,1
1,10,1.091910662,110,1
1,10,0.942720857,83.5,2
1,10,1.874955812,101.5,1
1,10,1.183702832,74.5,2
1,10,1.042917776,85,2
1,10,1.057293111,79,2
1,10,1.090717222,70,2
1,10,1.180785164,84,2
1,10,1.41008177,107,1
1,10,1.093060465,108.5,1
1,10,1.626037708,91,1
1,10,2.508341817,105.5,1
1,10,3.428020972,107.5,1
1,10,1.60971747,93.5,1
1,10,0.857640422,97,1
1,10,0.908337934,80.5,2
1,10,3.937061529,75.5,2
1,10,1.105669007,72,2
1,10,1.376559244,71.5,2
1,10,1.159412122,73.5,2
1,10,1.626438267,71.5,2
1,10,1.264520475,99,1
1,10,1.232763468,72,2
1,10,1.192280807,75,2
1,10,1.457296999,87,2
1,10,1.252895105,77,2
1,10,1.102415285,76,2
1,10,1.033455264,94,1
1,10,0.783017072,96.5,1
1,10,1.305118722,96,1
1,10,1.42182086,105,1
1,10,1.836795123,74,2
1,10,0.944288423,110,1
1,10,2.175642024,100.5,1
1,10,0.983224218,79.5,2
1,10,1.23633222,101,1
1,11,1.064075957,98.5,1
1,11,0.922474831,73.5,2
1,11,1.379339835,91.5,1
1,11,1.009108236,105.5,1
1,11,1.378816414,109.5,1
1,11,3.104927449,89,2
1,11,1.004363056,93,1
1,11,2.111454265,95,1
1,11,0.826880661,78.5,2
1,11,4.451046277,76,2
1,11,1.066050641,101.5,1
1,11,1.099666664,71,2
1,11,1.032105724,80.5,2
1,11,1.116451926,81.5,2
1,11,1.130461667,105,1
1,11,1.441282474,106,1
1,11,0.857720956,70.5,2
1,11,1.275908764,93,1
1,11,1.036886464,109,1
1,11,4.353958731,98,1
1,11,1.17304948,102,1
1,11,1.110378983,104.5,1
1,11,1.069108331,84.5,2
1,11,2.138315692,92,1
1,11,3.930818699,82.5,2
1,11,0.849775196,108.5,1
1,11,1.959169294,96.5,1
1,11,1.022635503,103,1
1,11,1.070274277,77.5,2
1,11,5.764950821,94,1
1,11,2.759729675,86,2
1,11,1.472773925,94.5,1
1,11,1.262273617,74.5,2
1,11,1.59670375,81,2
1,11,1.217301387,85,2
1,11,1.028389259,80,2
1,11,2.229291828,83.5,2
1,11,1.303017905,70,2
1,11,1.252789492,73,2
1,11,1.163939273,108,1
1,11,1.46793008,92,1
1,11,0.98129031,77.5,2
1,11,1.023711717,106.5,1
1,11,1.347566757,95,1
1,11,5.575722543,82,2
1,11,4.013801204,87,2
1,11,2.826502235,109.5,1
1,11,1.048196976,82.5,2
1,11,4.715250957,100.5,1
1,11,1.336621322,102,1
1,11,1.793385611,90.5,1
1,11,2.527886448,89,2
1,11,3.417996372,78,2
1,11,1.139944651,91.5,1
1,11,1.626435821,90.5,1
1,11,1.431926987,79.5,2
1,11,1.203155221,72.5,2
1,11,1.972593272,109,1
1,11,4.533873157,102.5,1
1,11,3.856704437,106,1
1,11,1.4848971,84,2
1,11,1.414260859,81,2
1,11,1.665430475,96,1
1,11,1.570955152,104,1
1,11,1.245955214,106.5,1
1,11,1.09937861,100,1
1,11,1.384117251,72.5,2
1,11,1.506416662,85.5,2
1,11,0.92691216,107,1
1,11,1.097245063,95.5,1
1,11,1.392957651,87.5,2
1,11,0.924406253,94.5,1
1,11,0.903939832,103.5,1
1,11,2.012563173,92.5,1
1,11,1.264578358,70.5,2
1,11,0.935318971,75.5,2
1,11,1.19893448,108,1
1,11,1.58284389,102.5,1
1,11,1.434253172,75,2
1,11,1.156453662,99,1
1,11,1.037191964,97.5,1
1,11,1.402245789,86,2
1,11,2.51488613,107.5,1
1,11,0.908818296,74,2
1,11,1.116958015,98.5,1
1,11,0.935182545,101,1
1,11,0.81381936,77,2
1,11,1.129832789,76.5,2
1,11,2.175174071,85.5,2
1,11,2.459370552,86.5,2
1,11,1.013437355,100,1
1,11,1.182475974,78,2
1,11,1.739238456,93.5,1
1,11,2.010563054,95.5,1
1,11,1.512276387,103,1
1,11,6.057046901,81.5,2
1,11,1.358719631,83,2
1,11,1.771532534,76.5,2
1,11,1.113029706,82,2
1,11,1.663235132,88.5,2
1,11,4.327087712,83,2
1,11,1.26486944,98,1
1,11,0.91928642,80,2
1,11,6.886115884,104.5,1
1,11,0.970701923,104,1
1,11,0.996213862,78.5,2
1,11,4.82623405,71,2
1,11,2.370877669,73,2
1,11,2.239436289,79,2
1,11,2.243625391,88,2
1,11,2.567638015,91,1
1,11,1.012595163,97,1
1,11,5.013175147,99.5,1
1,11,2.290313292,84.5,2
1,11,1.220657528,92.5,1
1,11,2.503896051,99.5,1
1,11,1.521468299,103.5,1
1,11,1.533401613,110,1
1,11,2.008925547,83.5,2
1,11,1.162566504,101.5,1
1,11,2.564288593,88.5,2
1,11,4.802749902,74.5,2
1,11,1.33727986,85,2
1,11,2.238818058,88,2
1,11,1.021261465,79,2
1,11,3.022128666,70,2
1,11,1.275851462,84,2
1,11,1.230584546,107,1
1,11,1.347216286,108.5,1
1,11,1.981872439,91,1
1,11,1.315900746,105.5,1
1,11,1.347469455,107.5,1
1,11,1.597562581,93.5,1
1,11,1.834766676,97,1
1,11,1.232972727,80.5,2
1,11,2.314505823,75.5,2
1,11,0.888586004,72,2
1,11,0.880355687,71.5,2
1,11,0.834470742,73.5,2
1,11,1.111464779,71.5,2
1,11,1.572070497,99,1
1,11,1.237073555,72,2
1,11,1.255418322,75,2
1,11,1.348347366,87,2
1,11,1.116506803,77,2
1,11,1.587260483,76,2
1,11,1.268121305,94,1
1,11,1.062994789,96.5,1
1,11,1.374004963,96,1
1,11,3.120825874,105,1
1,11,1.219898883,86.5,2
1,11,1.384472178,74,2
1,11,0.928505768,110,1
1,11,3.474876649,100.5,1
1,11,1.059610603,79.5,2
1,11,1.129991487,101,1
1,12,1.511984223,98.5,1
1,12,5.655039644,89.5,2
1,12,1.341813309,73.5,2
1,12,1.269456805,105.5,1
1,12,2.622587751,109.5,1
1,12,1.501280181,89,2
1,12,1.396583631,93,1
1,12,1.276239397,95,1
1,12,0.865392075,78.5,2
1,12,3.197882522,76,2
1,12,0.799128504,101.5,1
1,12,2.043836846,71,2
1,12,1.143828314,80.5,2
1,12,2.623488534,81.5,2
1,12,1.193616676,105,1
1,12,1.328082554,106,1
1,12,0.944067881,70.5,2
1,12,3.511302165,93,1
1,12,0.964918336,109,1
1,12,1.513546472,98,1
1,12,1.132831059,102,1
1,12,1.68657626,104.5,1
1,12,1.508167105,84.5,2
1,12,1.895558533,92,1
1,12,1.761237873,82.5,2
1,12,1.211798088,108.5,1
1,12,1.096891185,96.5,1
1,12,1.682733967,89.5,2
1,12,1.039099264,103,1
1,12,1.051632751,77.5,2
1,12,1.182479388,94,1
1,12,1.144468739,86,2
1,12,1.213215742,94.5,1
1,12,0.922202906,74.5,2
1,12,1.047857664,81,2
1,12,1.07516728,85,2
1,12,2.413768748,80,2
1,12,6.713136256,83.5,2
1,12,1.115662155,70,2
1,12,1.01836952,73,2
1,12,1.272822051,108,1
1,12,1.888902924,92,1
1,12,1.29588101,77.5,2
1,12,1.18972691,106.5,1
1,12,1.311257167,95,1
1,12,1.40800273,82,2
1,12,1.397349239,87,2
1,12,3.446685885,109.5,1
1,12,1.016619745,82.5,2
1,12,1.014269943,100.5,1
1,12,1.279582214,102,1
1,12,5.069031467,89,2
1,12,1.157575509,78,2
1,12,2.336684959,91.5,1
1,12,5.368392401,79.5,2
1,12,1.851086672,72.5,2
1,12,1.789513058,109,1
1,12,1.041027172,102.5,1
1,12,1.129622358,106,1
1,12,1.315571625,84,2
1,12,0.991409738,81,2
1,12,1.336571383,96,1
1,12,1.279156439,104,1
1,12,1.022178188,106.5,1
1,12,1.178766498,100,1
1,12,8.397271201,72.5,2
1,12,6.606552209,85.5,2
1,12,1.094569302,107,1
1,12,2.646834068,95.5,1
1,12,4.862409077,87.5,2
1,12,1.140497283,94.5,1
1,12,1.282054935,103.5,1
1,12,1.367021236,92.5,1
1,12,1.668667645,70.5,2
1,12,2.277586118,75.5,2
1,12,2.039715757,108,1
1,12,0.982669761,102.5,1
1,12,0.953366441,75,2
1,12,1.261186872,99,1
1,12,1.044251291,97.5,1
1,12,1.484459269,86,2
1,12,1.009550508,107.5,1
1,12,1.052303267,74,2
1,12,1.055314301,98.5,1
1,12,1.10828198,101,1
1,12,3.586199252,77,2
1,12,1.061206038,76.5,2
1,12,1.406123532,85.5,2
1,12,1.241443389,86.5,2
1,12,0.920812871,100,1
1,12,1.438653923,78,2
1,12,1.411966263,93.5,1
1,12,1.127785638,95.5,1
1,12,1.014349602,103,1
1,12,0.973510916,81.5,2
1,12,1.160828817,83,2
1,12,1.239284123,76.5,2
1,12,2.460591411,82,2
1,12,1.251350622,88.5,2
1,12,4.041918835,83,2
1,12,1.019066506,98,1
1,12,1.35038735,80,2
1,12,1.355919034,104.5,1
1,12,1.106212093,104,1
1,12,1.006111648,78.5,2
1,12,0.996095756,71,2
1,12,1.475701587,73,2
1,12,1.173801737,79,2
1,12,1.395529035,88,2
1,12,1.230733071,91,1
1,12,1.587926325,97,1
1,12,1.089154601,99.5,1
1,12,1.168064712,87.5,2
1,12,0.993863261,84.5,2
1,12,1.436127962,92.5,1
1,12,1.355014554,97.5,1
1,12,1.052441338,99.5,1
1,12,0.9383779,103.5,1
1,12,0.827502915,110,1
1,12,1.056800981,83.5,2
1,12,0.936549327,101.5,1
1,12,1.119408327,88.5,2
1,12,1.352538531,74.5,2
1,12,1.099595229,85,2
1,12,1.408975534,88,2
1,12,1.957842611,79,2
1,12,1.207240109,70,2
1,12,1.019468388,84,2
1,12,0.836536908,107,1
1,12,0.87034856,108.5,1
1,12,0.912640217,91,1
1,12,1.178457033,105.5,1
1,12,1.250251268,107.5,1
1,12,1.905447162,93.5,1
1,12,0.992291312,97,1
1,12,1.53517931,80.5,2
1,12,1.44429414,75.5,2
1,12,0.910005048,72,2
1,12,0.97974638,71.5,2
1,12,1.069720169,73.5,2
1,12,1.121239358,71.5,2
1,12,1.100624038,99,1
1,12,1.068794823,72,2
1,12,1.157590987,75,2
1,12,1.910508852,87,2
1,12,1.636192037,77,2
1,12,1.389167454,76,2
1,12,1.099183643,94,1
1,12,1.15466279,96.5,1
1,12,1.226782259,96,1
1,12,0.90040928,105,1
1,12,1.726933507,86.5,2
1,12,1.008532564,74,2
1,12,0.967674142,110,1
1,12,1.035665684,100.5,1
1,12,1.070567918,79.5,2
1,12,1.288726609,101,1
1,13,1.18288468,98.5,1
1,13,2.672303919,89.5,2
1,13,0.813762798,73.5,2
1,13,2.366499358,91.5,1
1,13,1.298640734,105.5,1
1,13,2.812517745,109.5,1
1,13,1.995473251,89,2
1,13,2.094562125,93,1
1,13,1.471860272,95,1
1,13,2.551124542,78.5,2
1,13,1.82667809,76,2
1,13,0.968641798,101.5,1
1,13,1.422222441,71,2
1,13,1.156860313,80.5,2
1,13,1.406988636,81.5,2
1,13,1.205311801,105,1
1,13,0.767743947,106,1
1,13,1.189420625,70.5,2
1,13,1.061905677,93,1
1,13,1.141926819,109,1
1,13,0.812963693,98,1
1,13,1.431757334,102,1
1,13,0.955652891,104.5,1
1,13,1.090692089,84.5,2
1,13,3.067003888,92,1
1,13,0.978094693,82.5,2
1,13,1.006625743,108.5,1
1,13,1.141804891,96.5,1
1,13,1.304268848,89.5,2
1,13,1.113584868,103,1
1,13,0.755530789,77.5,2
1,13,1.149149719,94,1
1,13,1.672796362,86,2
1,13,1.276023002,94.5,1
1,13,3.198382601,74.5,2
1,13,1.677619968,81,2
1,13,1.500155724,85,2
1,13,2.169306097,80,2
1,13,2.931962254,83.5,2
1,13,1.076997738,70,2
1,13,1.566108762,73,2
1,13,4.482585405,108,1
1,13,2.067988139,92,1
1,13,1.512449366,77.5,2
1,13,1.054197975,106.5,1
1,13,1.390886559,95,1
1,13,0.85797597,82,2
1,13,1.999146376,87,2
1,13,0.788829048,109.5,1
1,13,2.11960983,82.5,2
1,13,2.338266992,100.5,1
1,13,1.544689999,102,1
1,13,1.52047308,90.5,1
1,13,3.365403603,89,2
1,13,1.551367555,78,2
1,13,1.402139754,91.5,1
1,13,2.237570175,90.5,1
1,13,0.989015179,79.5,2
1,13,1.855724616,72.5,2
1,13,0.931016005,109,1
1,13,0.956072379,102.5,1
1,13,1.006949109,106,1
1,13,2.262458315,84,2
1,13,1.548383006,81,2
1,13,2.712330781,96,1
1,13,1.122772129,104,1
1,13,1.027177074,106.5,1
1,13,1.103248999,100,1
1,13,1.271439527,72.5,2
1,13,0.856485476,85.5,2
1,13,0.854817824,107,1
1,13,1.419543737,95.5,1
1,13,1.044852044,87.5,2
1,13,0.852756988,94.5,1
1,13,0.813019912,103.5,1
1,13,2.242815741,92.5,1
1,13,2.752424524,70.5,2
1,13,1.444009135,75.5,2
1,13,1.26678029,108,1
1,13,1.074335515,102.5,1
1,13,0.841472956,75,2
1,13,0.817836927,99,1
1,13,1.171293313,97.5,1
1,13,0.8980442,86,2
1,13,0.778419013,107.5,1
1,13,1.655562655,74,2
1,13,2.454216363,98.5,1
1,13,0.912216912,101,1
1,13,1.713692266,77,2
1,13,0.860327989,76.5,2
1,13,0.873859263,85.5,2
1,13,1.636464557,86.5,2
1,13,2.385280743,100,1
1,13,2.051262176,78,2
1,13,1.290710271,93.5,1
1,13,1.486164555,95.5,1
1,13,1.093787658,103,1
1,13,1.571049164,81.5,2
1,13,1.090946943,83,2
1,13,1.685508629,76.5,2
1,13,3.130452744,82,2
1,13,1.032493719,88.5,2
1,13,2.368027448,83,2
1,13,1.736300552,98,1
1,13,1.577073587,80,2
1,13,1.446017462,104.5,1
1,13,0.950066121,104,1
1,13,0.815063862,78.5,2
1,13,0.773592415,71,2
1,13,0.622565985,73,2
1,13,0.693960482,79,2
1,13,1.690438995,88,2
1,13,1.603535277,91,1
1,13,1.110499817,97,1
1,13,1.268596634,99.5,1
1,13,2.73784124,87.5,2
1,13,1.776171906,84.5,2
1,13,5.029387373,92.5,1
1,13,2.644144322,97.5,1
1,13,2.143639845,99.5,1
1,13,1.450323188,103.5,1
1,13,1.564024057,110,1
1,13,1.149780572,83.5,2
1,13,3.931055576,101.5,1
1,13,1.475208608,88.5,2
1,13,2.693035217,74.5,2
1,13,1.60655648,85,2
1,13,1.337513377,88,2
1,13,0.875989905,79,2
1,13,1.490391014,70,2
1,13,1.014903693,84,2
1,13,1.540467178,107,1
1,13,3.097624296,108.5,1
1,13,2.859018541,91,1
1,13,1.133208875,105.5,1
1,13,2.893465464,107.5,1
1,13,1.871150782,93.5,1
1,13,1.193136012,97,1
1,13,1.224562232,80.5,2
1,13,1.055132786,75.5,2
1,13,1.217633919,72,2
1,13,0.865546996,71.5,2
1,13,1.578915498,73.5,2
1,13,1.206053912,71.5,2
1,13,0.847486063,99,1
1,13,0.845295442,72,2
1,13,3.153604842,75,2
1,13,0.937277736,87,2
1,13,1.751173143,77,2
1,13,1.527640637,76,2
1,13,1.127269831,94,1
1,13,1.748628258,96.5,1
1,13,0.809523897,96,1
1,13,1.713884305,105,1
1,13,1.851520926,86.5,2
1,13,1.798796292,74,2
1,13,1.507927032,110,1
1,13,2.294219801,100.5,1
1,13,0.824052701,79.5,2
1,13,2.22063296,101,1
1,14,1.131310377,98.5,1
1,14,2.392464135,89.5,2
1,14,0.994443691,73.5,2
1,14,1.525899046,91.5,1
1,14,2.04121631,105.5,1
1,14,1.312799368,109.5,1
1,14,1.46195431,89,2
1,14,1.313911241,93,1
1,14,1.750428297,95,1
1,14,0.922974897,78.5,2
1,14,1.684401287,76,2
1,14,1.058162276,101.5,1
1,14,1.109466199,71,2
1,14,1.562558752,80.5,2
1,14,1.189004016,81.5,2
1,14,1.105957292,105,1
1,14,1.848403924,106,1
1,14,1.468834078,70.5,2
1,14,2.2106815,93,1
1,14,1.850881551,109,1
1,14,2.0817659,98,1
1,14,1.535364732,102,1
1,14,1.137576283,104.5,1
1,14,3.053920421,84.5,2
1,14,2.371595505,92,1
1,14,2.70146038,82.5,2
1,14,1.568947487,108.5,1
1,14,1.549399696,96.5,1
1,14,3.153634396,89.5,2
1,14,1.793664075,103,1
1,14,1.310738688,77.5,2
1,14,1.381757554,94,1
1,14,1.160705219,86,2
1,14,1.323313575,94.5,1
1,14,2.136483223,74.5,2
1,14,1.885656289,81,2
1,14,1.751891195,85,2
1,14,1.279432641,80,2
1,14,1.240626092,83.5,2
1,14,1.586766793,70,2
1,14,3.046602208,73,2
1,14,1.745752887,108,1
1,14,1.948642212,92,1
1,14,1.481858822,77.5,2
1,14,2.741582629,106.5,1
1,14,3.751603955,95,1
1,14,1.600237837,82,2
1,14,1.531501241,87,2
1,14,1.363078524,109.5,1
1,14,1.89650388,82.5,2
1,14,1.53396577,100.5,1
1,14,1.299239337,102,1
1,14,2.324953528,90.5,1
1,14,2.707213128,78,2
1,14,2.180757019,91.5,1
1,14,1.578773043,79.5,2
1,14,3.329110391,72.5,2
1,14,2.450814894,109,1
1,14,1.104397655,102.5,1
1,14,2.230186211,106,1
1,14,4.401178239,84,2
1,14,1.890185221,81,2
1,14,1.485806316,96,1
1,14,1.747834966,104,1
1,14,0.973833034,106.5,1
1,14,1.715532261,100,1
1,14,1.263295831,72.5,2
1,14,1.271987009,85.5,2
1,14,2.392379015,107,1
1,14,2.716785652,95.5,1
1,14,1.458812905,87.5,2
1,14,3.768486958,94.5,1
1,14,1.185547007,103.5,1
1,14,1.46367136,70.5,2
1,14,1.564170938,75.5,2
1,14,1.362685659,108,1
1,14,1.183275788,102.5,1
1,14,1.335314171,75,2
1,14,3.275739549,99,1
1,14,1.175517704,97.5,1
1,14,1.168113117,86,2
1,14,1.530705627,107.5,1
1,14,1.726070733,74,2
1,14,1.784301443,101,1
1,14,1.792006638,77,2
1,14,2.218004781,76.5,2
1,14,2.694767389,85.5,2
1,14,2.513148834,86.5,2
1,14,1.809489657,100,1
1,14,1.503469994,78,2
1,14,2.687842364,93.5,1
1,14,1.258014812,95.5,1
1,14,1.132181723,103,1
1,14,1.33145957,81.5,2
1,14,1.932527641,83,2
1,14,1.249937458,76.5,2
1,14,1.815772812,82,2
1,14,2.485328956,88.5,2
1,14,1.998301236,83,2
1,14,2.226927453,98,1
1,14,1.66790396,80,2
1,14,3.585141631,104.5,1
1,14,1.667927065,104,1
1,14,2.580742409,78.5,2
1,14,1.33506537,71,2
1,14,1.478533652,73,2
1,14,1.443889063,79,2
1,14,1.942126757,88,2
1,14,1.731088544,91,1
1,14,1.434519414,97,1
1,14,3.429898324,99.5,1
1,14,1.317373038,87.5,2
1,14,1.162691065,84.5,2
1,14,2.20897208,92.5,1
1,14,1.304963841,97.5,1
1,14,1.133554269,99.5,1
1,14,1.171244991,103.5,1
1,14,1.274365597,110,1
1,14,0.903188676,83.5,2
1,14,1.045106463,101.5,1
1,14,3.087218683,88.5,2
1,14,1.355676788,74.5,2
1,14,3.160648252,85,2
1,14,1.202005791,88,2
1,14,1.491046887,79,2
1,14,1.058144503,70,2
1,14,1.678330322,84,2
1,14,0.877215041,107,1
1,14,0.845013449,108.5,1
1,14,2.276852474,91,1
1,14,1.25424033,105.5,1
1,14,2.415256691,107.5,1
1,14,1.336433709,93.5,1
1,14,1.400292492,97,1
1,14,2.049949393,80.5,2
1,14,1.72593251,75.5,2
1,14,2.734468757,72,2
1,14,2.507554269,71.5,2
1,14,1.204060845,73.5,2
1,14,1.728857695,71.5,2
1,14,1.01177072,99,1
1,14,0.965002408,72,2
1,14,1.366914089,75,2
1,14,3.448740107,87,2
1,14,1.383638752,77,2
1,14,1.27182913,76,2
1,14,1.718562174,94,1
1,14,0.981883693,96.5,1
1,14,1.14015014,96,1
1,14,1.310516168,105,1
1,14,1.006018876,86.5,2
1,14,0.948628624,74,2
1,14,0.961643036,110,1
1,14,0.970794428,100.5,1
1,14,0.918391005,79.5,2
1,14,1.067232683,101,1
1,15,3.660186974,98.5,1
1,15,3.194403913,89.5,2
1,15,5.892712885,73.5,2
1,15,3.592522272,91.5,1
1,15,6.61174902,105.5,1
1,15,1.636716869,109.5,1
1,15,1.798952058,89,2
1,15,1.349481316,93,1
1,15,1.228781263,95,1
1,15,1.644072594,78.5,2
1,15,1.828062064,76,2
1,15,0.845660361,101.5,1
1,15,4.490050936,71,2
1,15,0.943804757,80.5,2
1,15,2.730202459,81.5,2
1,15,0.758335062,105,1
1,15,0.911780808,106,1
1,15,1.071517938,70.5,2
1,15,4.108418033,93,1
1,15,3.513216451,109,1
1,15,1.08202654,98,1
1,15,1.248179544,102,1
1,15,2.930865416,104.5,1
1,15,1.276606466,84.5,2
1,15,6.575583902,92,1
1,15,2.025297813,82.5,2
1,15,2.652597755,108.5,1
1,15,5.790765938,96.5,1
1,15,3.278311932,89.5,2
1,15,0.882848807,103,1
1,15,4.762729894,77.5,2
1,15,1.144862626,94,1
1,15,1.458606291,86,2
1,15,1.673274159,94.5,1
1,15,1.020984708,74.5,2
1,15,2.054633108,81,2
1,15,2.471911786,85,2
1,15,2.417079504,80,2
1,15,1.364984317,83.5,2
1,15,1.199403247,70,2
1,15,3.174687897,73,2
1,15,1.227131004,108,1
1,15,2.749620108,92,1
1,15,3.326186888,77.5,2
1,15,2.197874685,106.5,1
1,15,5.289384756,95,1
1,15,0.930596926,82,2
1,15,3.547688917,87,2
1,15,0.864654973,109.5,1
1,15,6.310453949,82.5,2
1,15,0.916074292,100.5,1
1,15,2.119337754,102,1
1,15,2.438006695,90.5,1
1,15,2.998713108,89,2
1,15,1.713976016,78,2
1,15,1.160178674,91.5,1
1,15,1.596570524,90.5,1
1,15,1.076500433,79.5,2
1,15,0.795684808,72.5,2
1,15,0.847666262,109,1
1,15,1.962368215,102.5,1
1,15,1.881869127,106,1
1,15,1.091038822,84,2
1,15,1.513799924,81,2
1,15,1.107054522,96,1
1,15,3.324296078,104,1
1,15,2.2953265,106.5,1
1,15,0.950097575,100,1
1,15,0.834449581,72.5,2
1,15,1.478045432,85.5,2
1,15,1.126977938,107,1
1,15,1.473392068,95.5,1
1,15,1.483954927,87.5,2
1,15,1.368811129,94.5,1
1,15,1.289822062,103.5,1
1,15,1.354435281,92.5,1
1,15,3.563337019,70.5,2
1,15,1.559265984,75.5,2
1,15,0.912899789,108,1
1,15,3.267475434,102.5,1
1,15,4.487457674,75,2
1,15,4.224617284,99,1
1,15,1.32271353,97.5,1
1,15,3.390967087,86,2
1,15,2.661091639,107.5,1
1,15,8.107873546,74,2
1,15,3.363666561,98.5,1
1,15,5.226360159,101,1
1,15,4.326465026,77,2
1,15,5.79752802,76.5,2
1,15,1.202019625,85.5,2
1,15,1.82089194,86.5,2
1,15,1.041934801,100,1
1,15,2.052571062,78,2
1,15,1.605641018,93.5,1
1,15,0.976062735,95.5,1
1,15,1.343863769,103,1
1,15,1.239959201,81.5,2
1,15,1.093115661,83,2
1,15,0.790770819,76.5,2
1,15,0.723200017,82,2
1,15,1.425445229,88.5,2
1,15,1.620685518,83,2
1,15,1.313351043,98,1
1,15,1.450941179,80,2
1,15,1.901946536,104.5,1
1,15,0.942959182,104,1
1,15,0.81075191,78.5,2
1,15,0.73821869,71,2
1,15,0.946067092,73,2
1,15,0.788584379,79,2
1,15,1.309811487,88,2
1,15,1.613693843,91,1
1,15,6.124894187,97,1
1,15,0.899877242,99.5,1
1,15,1.878914541,87.5,2
1,15,1.464776215,84.5,2
1,15,1.170391917,92.5,1
1,15,3.108729163,97.5,1
1,15,0.765033068,99.5,1
1,15,1.776173097,103.5,1
1,15,1.189828466,110,1
1,15,1.935500222,83.5,2
1,15,0.866861171,101.5,1
1,15,1.944752452,88.5,2
1,15,1.999234178,74.5,2
1,15,1.254437418,85,2
1,15,1.892869306,88,2
1,15,1.417697611,79,2
1,15,2.431843141,70,2
1,15,1.672984098,84,2
1,15,1.050972498,107,1
1,15,0.831648996,108.5,1
1,15,3.252948897,91,1
1,15,0.929193773,105.5,1
1,15,0.877784656,107.5,1
1,15,1.774623752,93.5,1
1,15,1.171272844,97,1
1,15,1.293695651,80.5,2
1,15,0.962281948,75.5,2
1,15,0.932088828,72,2
1,15,0.95025945,71.5,2
1,15,0.869050353,73.5,2
1,15,3.542042054,71.5,2
1,15,2.165676252,99,1
1,15,3.179650435,72,2
1,15,1.880072875,75,2
1,15,1.655839753,87,2
1,15,1.299583685,77,2
1,15,1.066114981,76,2
1,15,1.216036528,94,1
1,15,1.91005085,96.5,1
1,15,2.398252421,96,1
1,15,0.9920654,105,1
1,15,4.413828547,86.5,2
1,15,0.968313565,74,2
1,15,1.66639056,110,1
1,15,1.016252603,100.5,1
1,15,2.071855091,79.5,2
1,15,0.969105481,101,1
1,17,1.253067028,98.5,1
1,17,3.717185478,89.5,2
1,17,3.096546176,73.5,2
1,17,1.859051113,91.5,1
1,17,2.044910567,105.5,1
1,17,1.646387037,109.5,1
1,17,1.394376208,89,2
1,17,1.506336567,93,1
1,17,1.856583787,95,1
1,17,1.219793958,78.5,2
1,17,1.121254454,76,2
1,17,1.009434968,101.5,1
1,17,0.903960573,71,2
1,17,1.149066638,80.5,2
1,17,1.105383291,81.5,2
1,17,1.34987396,105,1
1,17,1.117242981,106,1
1,17,1.037012471,70.5,2
1,17,1.162470842,93,1
1,17,1.007289651,109,1
1,17,1.264896029,98,1
1,17,1.058070861,102,1
1,17,1.241653851,104.5,1
1,17,2.638233226,84.5,2
1,17,1.065789973,82.5,2
1,17,1.091382517,108.5,1
1,17,1.043567765,96.5,1
1,17,1.50458994,103,1
1,17,4.79402108,77.5,2
1,17,1.387089778,94,1
1,17,0.854277396,86,2
1,17,1.474740405,94.5,1
1,17,1.342630562,74.5,2
1,17,1.149372063,81,2
1,17,1.199619867,85,2
1,17,0.876550634,80,2
1,17,1.117118704,83.5,2
1,17,1.207510582,70,2
1,17,1.819517563,73,2
1,17,7.868542501,108,1
1,17,1.342380326,92,1
1,17,1.024817721,77.5,2
1,17,1.5813999,106.5,1
1,17,1.263389658,95,1
1,17,1.211731271,82,2
1,17,1.730231942,87,2
1,17,0.905098998,109.5,1
1,17,1.441751856,82.5,2
1,17,4.54952828,100.5,1
1,17,1.758902975,102,1
1,17,8.165759358,90.5,1
1,17,4.012263947,78,2
1,17,7.00062118,91.5,1
1,17,4.283123501,79.5,2
1,17,1.073565146,72.5,2
1,17,1.731128875,109,1
1,17,0.999134687,102.5,1
1,17,0.93210487,106,1
1,17,1.786115568,84,2
1,17,0.958870394,81,2
1,17,2.741495832,96,1
1,17,1.430780127,104,1
1,17,3.503911831,106.5,1
1,17,1.050104671,100,1
1,17,2.664114646,72.5,2
1,17,1.259747447,85.5,2
1,17,2.381380128,107,1
1,17,1.488996679,95.5,1
1,17,4.076507948,87.5,2
1,17,1.870244854,94.5,1
1,17,1.959683538,92.5,1
1,17,1.311717305,70.5,2
1,17,3.280461905,75.5,2
1,17,0.903878565,108,1
1,17,1.224918569,102.5,1
1,17,3.308424821,75,2
1,17,6.648603512,99,1
1,17,1.148346439,97.5,1
1,17,1.499699696,86,2
1,17,1.319888421,107.5,1
1,17,4.175364809,74,2
1,17,2.433637976,98.5,1
1,17,1.708850203,101,1
1,17,1.263938789,77,2
1,17,1.674315777,76.5,2
1,17,1.579697339,85.5,2
1,17,1.395051353,86.5,2
1,17,1.191620714,100,1
1,17,1.612251534,78,2
1,17,1.673269969,93.5,1
1,17,1.620851099,95.5,1
1,17,1.114957922,103,1
1,17,1.451746827,81.5,2
1,17,1.416623344,83,2
1,17,1.008651451,76.5,2
1,17,0.798585974,82,2
1,17,1.669098355,88.5,2
1,17,1.703823944,83,2
1,17,1.426321018,98,1
1,17,1.115287137,80,2
1,17,0.850479333,104.5,1
1,17,0.956524021,104,1
1,17,1.159151158,78.5,2
1,17,0.792050361,71,2
1,17,1.862294508,73,2
1,17,1.306696082,79,2
1,17,1.78549926,88,2
1,17,2.21896195,91,1
1,17,1.160695772,97,1
1,17,1.484388518,99.5,1
1,17,1.51694426,87.5,2
1,17,0.967420073,84.5,2
1,17,1.218331946,92.5,1
1,17,1.974853139,97.5,1
1,17,0.885155194,99.5,1
1,17,1.250907833,103.5,1
1,17,1.436405816,110,1
1,17,1.240438744,83.5,2
1,17,1.513818317,101.5,1
1,17,7.090134919,88.5,2
1,17,1.05823311,74.5,2
1,17,1.242961606,85,2
1,17,1.899607423,88,2
1,17,1.344233097,79,2
1,17,1.19736336,70,2
1,17,1.403188403,84,2
1,17,1.125394724,107,1
1,17,2.964033157,108.5,1
1,17,1.680423443,91,1
1,17,0.846689232,105.5,1
1,17,1.453539704,107.5,1
1,17,3.245660763,93.5,1
1,17,1.011961943,97,1
1,17,1.420160856,80.5,2
1,17,1.265297708,75.5,2
1,17,1.366712018,72,2
1,17,1.202712581,71.5,2
1,17,1.887726311,73.5,2
1,17,1.179690955,71.5,2
1,17,1.033378875,99,1
1,17,1.6122386,72,2
1,17,1.480663747,75,2
1,17,1.374029897,87,2
1,17,2.240314626,77,2
1,17,1.521930993,76,2
1,17,1.863783107,94,1
1,17,1.946753358,96.5,1
1,17,1.363325106,96,1
1,17,1.070984366,105,1
1,17,1.583975668,86.5,2
1,17,3.241324257,74,2
1,17,1.072939732,110,1
1,17,0.884277781,100.5,1
1,17,1.579544304,79.5,2
1,17,1.596774707,101,1
1,18,2.304249318,98.5,1
1,18,2.125116049,89.5,2
1,18,3.547962315,73.5,2
1,18,1.501354719,91.5,1
1,18,1.418934396,105.5,1
1,18,2.066576481,109.5,1
1,18,2.210561478,89,2
1,18,2.623866513,93,1
1,18,2.050592497,95,1
1,18,2.673634218,78.5,2
1,18,1.960464251,76,2
1,18,1.566480624,101.5,1
1,18,1.775822147,71,2
1,18,2.142541966,80.5,2
1,18,2.975092228,81.5,2
1,18,1.830528816,105,1
1,18,1.252018956,106,1
1,18,2.303890937,70.5,2
1,18,2.510939997,93,1
1,18,1.936606308,109,1
1,18,2.567007026,98,1
1,18,1.743028722,102,1
1,18,1.757792793,104.5,1
1,18,1.823263573,84.5,2
1,18,2.863257929,92,1
1,18,2.43678098,82.5,2
1,18,1.40279224,108.5,1
1,18,2.386234994,96.5,1
1,18,2.84574353,103,1
1,18,2.154837839,77.5,2
1,18,2.825758029,94,1
1,18,2.453286984,86,2
1,18,1.944002722,94.5,1
1,18,1.608080803,74.5,2
1,18,2.249838404,81,2
1,18,1.921453345,85,2
1,18,2.232620137,80,2
1,18,2.792111221,83.5,2
1,18,1.578537039,70,2
1,18,2.014564022,73,2
1,18,2.259052468,108,1
1,18,2.116882064,92,1
1,18,2.440163086,77.5,2
1,18,2.119545959,106.5,1
1,18,1.995391381,95,1
1,18,2.057707641,82,2
1,18,2.872552959,87,2
1,18,1.451321264,109.5,1
1,18,2.699733209,82.5,2
1,18,1.802133903,100.5,1
1,18,2.045073243,102,1
1,18,3.216303976,90.5,1
1,18,2.561059829,78,2
1,18,2.780683765,91.5,1
1,18,2.795248402,79.5,2
1,18,2.910943273,72.5,2
1,18,1.572518286,109,1
1,18,1.630962763,102.5,1
1,18,1.383099196,106,1
1,18,2.082977345,84,2
1,18,1.375113468,81,2
1,18,2.015965711,96,1
1,18,3.293312111,104,1
1,18,1.793385764,106.5,1
1,18,3.812368918,100,1
1,18,1.480644555,72.5,2
1,18,2.223790868,85.5,2
1,18,1.324665474,107,1
1,18,2.852142192,95.5,1
1,18,1.78859628,87.5,2
1,18,2.218705368,94.5,1
1,18,1.870314286,103.5,1
1,18,2.254271396,92.5,1
1,18,1.435933614,70.5,2
1,18,2.882450992,75.5,2
1,18,1.453755525,108,1
1,18,2.06795459,102.5,1
1,18,1.461637341,75,2
1,18,2.856388945,99,1
1,18,1.417141047,97.5,1
1,18,1.632448938,86,2
1,18,2.585537374,107.5,1
1,18,1.471703194,74,2
1,18,1.379992009,98.5,1
1,18,2.563973755,101,1
1,18,1.648217074,77,2
1,18,2.372038914,76.5,2
1,18,2.164818384,85.5,2
1,18,2.910980234,86.5,2
1,18,1.76955825,100,1
1,18,1.794431074,78,2
1,18,2.200250093,93.5,1
1,18,3.358113499,95.5,1
1,18,2.894645243,103,1
1,18,4.009163111,81.5,2
1,18,3.871776069,83,2
1,18,1.37706016,76.5,2
1,18,1.683401326,82,2
1,18,2.219780005,83,2
1,18,1.465798258,98,1
1,18,2.322643682,80,2
1,18,1.398317254,104.5,1
1,18,1.396932503,104,1
1,18,2.90714928,78.5,2
1,18,2.167992841,71,2
1,18,1.972431252,73,2
1,18,1.283207609,79,2
1,18,2.47841072,88,2
1,18,1.066720385,91,1
1,18,2.112703636,97,1
1,18,1.900070514,99.5,1
1,18,2.097095935,87.5,2
1,18,2.475677942,84.5,2
1,18,1.665803008,92.5,1
1,18,1.693726484,97.5,1
1,18,2.137840475,99.5,1
1,18,1.775669366,103.5,1
1,18,1.633113647,110,1
1,18,1.76250324,83.5,2
1,18,2.422259044,101.5,1
1,18,2.118194803,88.5,2
1,18,1.831127086,74.5,2
1,18,1.813707719,85,2
1,18,1.394217665,88,2
1,18,2.549752634,79,2
1,18,1.827353096,70,2
1,18,1.838390281,84,2
1,18,1.225587068,107,1
1,18,1.506350241,108.5,1
1,18,1.352281264,105.5,1
1,18,2.162138556,107.5,1
1,18,1.460929137,93.5,1
1,18,2.198172817,97,1
1,18,2.399048737,80.5,2
1,18,1.197034635,75.5,2
1,18,1.48463073,72,2
1,18,1.46474245,71.5,2
1,18,1.123227352,73.5,2
1,18,1.422480202,71.5,2
1,18,1.602786222,99,1
1,18,1.620996431,72,2
1,18,1.707316861,75,2
1,18,1.947594864,87,2
1,18,1.680076553,77,2
1,18,1.60519449,76,2
1,18,1.449505336,94,1
1,18,1.755961568,96.5,1
1,18,2.003010753,96,1
1,18,2.746364062,105,1
1,18,1.723265727,86.5,2
1,18,1.978500395,74,2
1,18,1.745606291,110,1
1,18,1.880664837,100.5,1
1,18,2.423856493,79.5,2
1,18,1.621647833,101,1
1,19,1.62235886,98.5,1
1,19,1.169619998,89.5,2
1,19,2.184093699,73.5,2
1,19,2.016053958,91.5,1
1,19,0.950037169,105.5,1
1,19,1.202723413,109.5,1
1,19,3.252220065,89,2
1,19,1.366443274,93,1
1,19,1.689543908,95,1
1,19,1.539204653,78.5,2
1,19,0.767534217,76,2
1,19,1.235735022,101.5,1
1,19,0.784320503,71,2
1,19,1.078551582,80.5,2
1,19,0.854886677,81.5,2
1,19,1.124001594,105,1
1,19,1.222199345,106,1
1,19,0.98655474,70.5,2
1,19,1.348404737,93,1
1,19,1.168025396,109,1
1,19,1.125159848,98,1
1,19,1.913961453,102,1
1,19,0.979742275,104.5,1
1,19,1.821549787,84.5,2
1,19,2.882979119,92,1
1,19,1.19502592,82.5,2
1,19,1.061636103,108.5,1
1,19,1.514984842,96.5,1
1,19,4.267215581,89.5,2
1,19,1.529069857,103,1
1,19,1.333302611,77.5,2
1,19,5.273397682,94,1
1,19,1.958947201,86,2
1,19,2.299685219,94.5,1
1,19,1.667874242,74.5,2
1,19,0.815656596,81,2
1,19,1.904669155,85,2
1,19,2.869707033,80,2
1,19,1.004915747,83.5,2
1,19,1.434305685,70,2
1,19,1.000136493,73,2
1,19,0.976131003,108,1
1,19,3.013839464,92,1
1,19,1.502952307,77.5,2
1,19,1.755467265,106.5,1
1,19,1.076759932,95,1
1,19,1.712016768,82,2
1,19,1.46788514,87,2
1,19,1.329257467,109.5,1
1,19,0.779118974,82.5,2
1,19,1.393377857,100.5,1
1,19,1.289607948,102,1
1,19,1.848300133,89,2
1,19,3.654482397,78,2
1,19,2.112298982,91.5,1
1,19,1.168648198,79.5,2
1,19,1.332092067,72.5,2
1,19,1.995786893,102.5,1
1,19,1.143701194,106,1
1,19,0.949502065,84,2
1,19,1.515350561,81,2
1,19,1.747141868,96,1
1,19,1.218841571,104,1
1,19,1.272138624,106.5,1
1,19,1.196090357,100,1
1,19,1.381665313,72.5,2
1,19,1.260584101,85.5,2
1,19,1.762709821,107,1
1,19,1.555120258,95.5,1
1,19,1.762328943,87.5,2
1,19,1.245462949,94.5,1
1,19,1.656941447,103.5,1
1,19,3.420368009,92.5,1
1,19,5.018584531,70.5,2
1,19,1.557647876,75.5,2
1,19,1.326374571,108,1
1,19,1.472736536,102.5,1
1,19,1.32450036,75,2
1,19,1.01628913,99,1
1,19,1.847562354,97.5,1
1,19,1.110637388,107.5,1
1,19,1.493902236,74,2
1,19,1.702555069,98.5,1
1,19,0.902717296,101,1
1,19,1.754882594,77,2
1,19,1.222223045,76.5,2
1,19,1.234493579,85.5,2
1,19,1.236608145,86.5,2
1,19,1.677982331,100,1
1,19,1.217154418,93.5,1
1,19,1.596795003,95.5,1
1,19,1.450152692,103,1
1,19,1.101226982,81.5,2
1,19,0.964751646,83,2
1,19,4.674165034,82,2
1,19,1.680617051,88.5,2
1,19,1.543528068,83,2
1,19,1.37663282,98,1
1,19,0.928602097,80,2
1,19,1.239668488,104.5,1
1,19,8.815972196,104,1
1,19,3.787696118,78.5,2
1,19,1.16519298,71,2
1,19,2.089675981,73,2
1,19,1.248933024,79,2
1,19,0.977616906,88,2
1,19,1.601114709,91,1
1,19,1.17495728,97,1
1,19,2.096977555,99.5,1
1,19,1.305306177,87.5,2
1,19,2.424651855,84.5,2
1,19,1.536142602,92.5,1
1,19,1.052239684,97.5,1
1,19,4.84015109,99.5,1
1,19,1.811960863,103.5,1
1,19,1.486724811,110,1
1,19,0.89144483,83.5,2
1,19,1.932096986,101.5,1
1,19,1.174514085,88.5,2
1,19,1.080421271,74.5,2
1,19,3.80916906,85,2
1,19,2.045522008,88,2
1,19,0.813391952,79,2
1,19,0.891330441,70,2
1,19,1.370841213,84,2
1,19,1.4254343,107,1
1,19,1.076733359,108.5,1
1,19,2.281830801,91,1
1,19,1.901326008,105.5,1
1,19,1.018732856,107.5,1
1,19,1.765914983,93.5,1
1,19,1.142269673,97,1
1,19,1.124957225,80.5,2
1,19,1.387875247,75.5,2
1,19,0.933215851,72,2
1,19,1.249001297,71.5,2
1,19,1.450710554,73.5,2
1,19,1.011282469,71.5,2
1,19,1.342648198,99,1
1,19,1.068364674,72,2
1,19,0.873633152,75,2
1,19,1.390555063,87,2
1,19,1.085827012,77,2
1,19,1.064477201,76,2
1,19,1.188509302,94,1
1,19,1.423714485,96.5,1
1,19,1.335269393,96,1
1,19,1.055255348,105,1
1,19,3.464986478,86.5,2
1,19,1.700665603,74,2
1,19,1.115841202,110,1
1,19,1.230091803,100.5,1
1,19,0.827845534,79.5,2
1,19,1.262851608,101,1
1,20,5.20198501,98.5,1
1,20,1.102517508,73.5,2
1,20,3.048033303,91.5,1
1,20,3.543892322,105.5,1
1,20,1.682650807,109.5,1
1,20,7.369862171,89,2
1,20,5.322874946,93,1
1,20,3.721752982,95,1
1,20,1.01100463,78.5,2
1,20,1.284839152,76,2
1,20,3.333250796,101.5,1
1,20,1.96822888,71,2
1,20,1.314916136,80.5,2
1,20,1.914575541,81.5,2
1,20,2.163428309,105,1
1,20,2.318683767,106,1
1,20,1.078613889,70.5,2
1,20,1.742814812,93,1
1,20,6.058512284,109,1
1,20,2.264567623,98,1
1,20,3.933758712,102,1
1,20,1.606876358,104.5,1
1,20,2.528152248,84.5,2
1,20,3.773139742,92,1
1,20,2.330810659,82.5,2
1,20,3.955212849,108.5,1
1,20,2.276687372,96.5,1
1,20,3.286149387,89.5,2
1,20,2.249734486,103,1
1,20,2.656640193,77.5,2
1,20,1.413282519,94,1
1,20,1.999602902,86,2
1,20,2.732616672,94.5,1
1,20,5.994371488,74.5,2
1,20,3.118278486,81,2
1,20,1.422889297,85,2
1,20,1.376336595,80,2
1,20,2.66360119,83.5,2
1,20,1.820066466,70,2
1,20,3.069079965,73,2
1,20,2.768542023,108,1
1,20,1.902249906,92,1
1,20,2.708187429,77.5,2
1,20,2.063602808,106.5,1
1,20,1.739367335,95,1
1,20,3.520524883,82,2
1,20,1.693118906,87,2
1,20,1.134184323,109.5,1
1,20,1.591123704,82.5,2
1,20,2.365599097,100.5,1
1,20,3.996896893,102,1
1,20,3.045297233,90.5,1
1,20,3.863684719,89,2
1,20,1.657879061,78,2
1,20,3.806150325,91.5,1
1,20,5.637086813,90.5,1
1,20,2.099784773,79.5,2
1,20,2.118757331,72.5,2
1,20,2.727088117,109,1
1,20,1.223807642,102.5,1
1,20,1.251307068,106,1
1,20,1.472586805,84,2
1,20,2.014648829,81,2
1,20,1.997821135,96,1
1,20,1.455876085,104,1
1,20,1.30758276,106.5,1
1,20,1.399637543,100,1
1,20,1.079268289,72.5,2
1,20,1.700629972,85.5,2
1,20,1.329084433,107,1
1,20,1.922286491,95.5,1
1,20,2.639951945,87.5,2
1,20,2.674468708,94.5,1
1,20,2.510571173,103.5,1
1,20,1.87513118,92.5,1
1,20,5.397141798,70.5,2
1,20,1.436542004,75.5,2
1,20,2.369379023,108,1
1,20,2.044957042,102.5,1
1,20,2.529769254,75,2
1,20,3.434081729,99,1
1,20,2.283628607,97.5,1
1,20,3.228369785,86,2
1,20,3.22903059,107.5,1
1,20,1.137326833,74,2
1,20,2.335779961,98.5,1
1,20,2.737875727,101,1
1,20,2.72394694,77,2
1,20,3.047979836,76.5,2
1,20,2.641754939,85.5,2
1,20,1.965388163,86.5,2
1,20,1.460834684,100,1
1,20,1.704152574,78,2
1,20,2.38323981,93.5,1
1,20,2.084171294,95.5,1
1,20,1.415664626,103,1
1,20,1.291610334,81.5,2
1,20,1.423688976,83,2
1,20,1.600399146,76.5,2
1,20,3.877153706,82,2
1,20,2.658339593,88.5,2
1,20,2.23589899,83,2
1,20,1.159923592,98,1
1,20,1.534361346,80,2
1,20,2.824343901,104.5,1
1,20,3.982685332,104,1
1,20,2.854688498,78.5,2
1,20,1.472390334,71,2
1,20,2.953081878,73,2
1,20,1.289141668,79,2
1,20,3.448385238,88,2
1,20,3.749907076,91,1
1,20,2.898689498,97,1
1,20,1.840929637,99.5,1
1,20,2.114026017,87.5,2
1,20,3.013433005,84.5,2
1,20,1.609416323,92.5,1
1,20,1.425995356,97.5,1
1,20,1.316598547,99.5,1
1,20,1.258262492,103.5,1
1,20,4.626468225,110,1
1,20,2.51692085,83.5,2
1,20,1.556525474,101.5,1
1,20,3.421556904,88.5,2
1,20,2.050422196,74.5,2
1,20,4.23460635,85,2
1,20,1.825254353,88,2
1,20,1.320213762,79,2
1,20,1.830053219,70,2
1,20,2.405818198,84,2
1,20,2.513000249,107,1
1,20,1.483952453,108.5,1
1,20,2.956574254,91,1
1,20,1.265939281,105.5,1
1,20,2.759160441,107.5,1
1,20,2.049502332,93.5,1
1,20,1.909340493,97,1
1,20,1.584311024,80.5,2
1,20,1.46083973,75.5,2
1,20,2.466189888,72,2
1,20,1.41234204,71.5,2
1,20,3.105119977,73.5,2
1,20,1.517183434,71.5,2
1,20,2.549315573,99,1
1,20,5.866017898,72,2
1,20,1.513989079,75,2
1,20,2.500888754,87,2
1,20,2.485013615,77,2
1,20,2.391297131,76,2
1,20,2.07715878,94,1
1,20,2.598821503,96.5,1
1,20,1.960129224,96,1
1,20,3.098464724,105,1
1,20,4.12488262,86.5,2
1,20,3.040548708,74,2
1,20,1.274926233,110,1
1,20,2.31620966,100.5,1
1,20,1.649299956,79.5,2
1,20,3.105662371,101,1
1,21,1.459865864,98.5,1
1,21,5.06773317,89.5,2
1,21,1.022516618,73.5,2
1,21,1.389741308,105.5,1
1,21,1.4102585,109.5,1
1,21,1.39819611,89,2
1,21,1.012550401,93,1
1,21,2.741671408,95,1
1,21,0.825560333,78.5,2
1,21,0.877266234,76,2
1,21,1.508693043,71,2
1,21,0.925635657,80.5,2
1,21,1.065255289,81.5,2
1,21,1.01650157,105,1
1,21,0.779605246,106,1
1,21,2.756372052,70.5,2
1,21,1.08116444,93,1
1,21,0.992439699,109,1
1,21,0.891164034,98,1
1,21,0.792278028,102,1
1,21,0.689697825,104.5,1
1,21,1.024126003,84.5,2
1,21,1.213144028,92,1
1,21,1.024760201,82.5,2
1,21,1.380184941,108.5,1
1,21,0.820465235,96.5,1
1,21,1.352994848,89.5,2
1,21,2.036955945,103,1
1,21,1.142498007,77.5,2
1,21,1.922927419,94,1
1,21,4.953823292,86,2
1,21,1.226182447,94.5,1
1,21,1.049031802,74.5,2
1,21,1.37427824,81,2
1,21,1.367535666,85,2
1,21,1.384926011,80,2
1,21,1.393565236,83.5,2
1,21,0.94143408,70,2
1,21,1.134632662,73,2
1,21,0.930404777,108,1
1,21,1.887291052,92,1
1,21,0.864713947,77.5,2
1,21,1.232904345,106.5,1
1,21,0.968078099,95,1
1,21,4.152659006,82,2
1,21,1.402811487,87,2
1,21,1.012143594,109.5,1
1,21,1.109982937,82.5,2
1,21,1.140059691,100.5,1
1,21,1.017648139,102,1
1,21,1.931202767,89,2
1,21,1.258959389,78,2
1,21,1.269332961,91.5,1
1,21,2.168085117,79.5,2
1,21,1.301046345,72.5,2
1,21,1.201241863,109,1
1,21,1.112747175,102.5,1
1,21,0.98836015,106,1
1,21,1.237753278,84,2
1,21,1.084066469,81,2
1,21,0.885823324,96,1
1,21,3.854290859,104,1
1,21,0.955613173,106.5,1
1,21,0.923549463,100,1
1,21,0.782252522,72.5,2
1,21,1.070867668,85.5,2
1,21,0.896219428,107,1
1,21,0.99653329,95.5,1
1,21,0.989973493,87.5,2
1,21,0.978375371,94.5,1
1,21,0.894186487,103.5,1
1,21,0.848997258,92.5,1
1,21,3.949342513,70.5,2
1,21,1.116557388,75.5,2
1,21,1.192057022,108,1
1,21,2.035020605,102.5,1
1,21,0.998516449,75,2
1,21,1.125809934,99,1
1,21,1.330815624,97.5,1
1,21,1.721684413,86,2
1,21,1.185262118,107.5,1
1,21,1.04114392,74,2
1,21,1.944897541,98.5,1
1,21,1.138346346,101,1
1,21,0.854512356,77,2
1,21,3.191788091,76.5,2
1,21,0.898641294,85.5,2
1,21,4.869085393,86.5,2
1,21,0.928856724,100,1
1,21,2.257730011,78,2
1,21,1.079617466,93.5,1
1,21,0.988917453,95.5,1
1,21,1.37000558,103,1
1,21,0.973541458,81.5,2
1,21,6.594807349,83,2
1,21,0.913708974,76.5,2
1,21,0.993774428,82,2
1,21,1.318578782,88.5,2
1,21,1.066932741,83,2
1,21,0.797460528,98,1
1,21,0.745261706,80,2
1,21,0.912226289,104.5,1
1,21,0.783391004,104,1
1,21,0.887586036,78.5,2
1,21,2.078545509,71,2
1,21,0.826923033,73,2
1,21,0.860300708,79,2
1,21,3.663821684,88,2
1,21,1.358728565,91,1
1,21,1.671476037,97,1
1,21,1.263570236,99.5,1
1,21,1.121236039,87.5,2
1,21,0.86890531,84.5,2
1,21,0.875386594,92.5,1
1,21,1.09247417,97.5,1
1,21,1.227675811,99.5,1
1,21,1.024489969,103.5,1
1,21,0.740612945,110,1
1,21,0.919864924,83.5,2
1,21,1.245048343,101.5,1
1,21,0.861359842,74.5,2
1,21,0.859477161,85,2
1,21,1.135774518,88,2
1,21,0.984649654,79,2
1,21,0.83588392,70,2
1,21,0.756744463,84,2
1,21,0.778453282,107,1
1,21,2.566867414,108.5,1
1,21,1.4959415,91,1
1,21,0.740948846,105.5,1
1,21,2.126831667,107.5,1
1,21,0.945186112,93.5,1
1,21,0.851434771,97,1
1,21,1.370945002,80.5,2
1,21,0.906930459,75.5,2
1,21,2.251873102,72,2
1,21,0.979282019,71.5,2
1,21,0.998464788,73.5,2
1,21,0.834139811,71.5,2
1,21,2.876164366,99,1
1,21,0.936639479,72,2
1,21,0.80320236,75,2
1,21,1.236164582,87,2
1,21,0.789715764,77,2
1,21,0.788873144,76,2
1,21,2.582764061,94,1
1,21,0.991245506,96.5,1
1,21,0.970991171,96,1
1,21,0.718807161,105,1
1,21,1.006595758,86.5,2
1,21,0.783328009,74,2
1,21,0.873831208,110,1
1,21,1.036458027,100.5,1
1,21,1.087223642,79.5,2
1,21,0.931901425,101,1
1,22,1.48944825,98.5,1
1,22,2.803789846,89.5,2
1,22,1.42174357,73.5,2
1,22,2.066296189,105.5,1
1,22,2.288913824,109.5,1
1,22,1.636679619,89,2
1,22,2.031697319,93,1
1,22,1.892086914,95,1
1,22,1.508548304,78.5,2
1,22,2.205389821,76,2
1,22,1.493274382,101.5,1
1,22,6.100555494,71,2
1,22,1.649867745,80.5,2
1,22,2.422563958,81.5,2
1,22,2.086736319,105,1
1,22,1.43046211,106,1
1,22,1.356120514,70.5,2
1,22,2.426685605,93,1
1,22,1.860611721,109,1
1,22,3.2092581,98,1
1,22,1.781054739,102,1
1,22,7.840613839,104.5,1
1,22,1.431699517,84.5,2
1,22,3.449243575,92,1
1,22,4.62753546,82.5,2
1,22,2.575303563,108.5,1
1,22,2.841027526,96.5,1
1,22,1.565326554,103,1
1,22,1.630004162,77.5,2
1,22,1.588345718,94,1
1,22,1.330230925,86,2
1,22,1.498641095,94.5,1
1,22,1.289427604,74.5,2
1,22,3.425826251,81,2
1,22,1.793996048,85,2
1,22,1.886939843,80,2
1,22,2.424120526,83.5,2
1,22,6.864870771,70,2
1,22,1.973592924,73,2
1,22,2.243549349,108,1
1,22,2.267913434,92,1
1,22,1.833221264,77.5,2
1,22,1.424446797,106.5,1
1,22,2.036638218,95,1
1,22,1.586800765,82,2
1,22,2.338025277,87,2
1,22,1.436619921,109.5,1
1,22,1.713638739,82.5,2
1,22,1.348526275,100.5,1
1,22,1.30725374,102,1
1,22,7.167058771,90.5,1
1,22,1.399678206,78,2
1,22,9.889621636,91.5,1
1,22,1.947633227,79.5,2
1,22,1.984604629,72.5,2
1,22,1.608451417,109,1
1,22,1.720083983,102.5,1
1,22,1.639782729,106,1
1,22,2.135737206,84,2
1,22,1.50237767,81,2
1,22,1.673140545,96,1
1,22,1.67996977,104,1
1,22,1.419071994,106.5,1
1,22,1.491389378,100,1
1,22,1.496487293,72.5,2
1,22,2.112117892,85.5,2
1,22,1.654333866,107,1
1,22,2.103274897,95.5,1
1,22,1.869033824,87.5,2
1,22,1.626760481,94.5,1
1,22,4.8182812,103.5,1
1,22,2.580085886,92.5,1
1,22,1.481410035,70.5,2
1,22,1.733596598,75.5,2
1,22,1.555414806,108,1
1,22,1.702634702,102.5,1
1,22,1.209611666,75,2
1,22,1.712146849,99,1
1,22,1.973978944,97.5,1
1,22,1.688397991,86,2
1,22,1.744048001,107.5,1
1,22,1.558099523,74,2
1,22,1.17633033,98.5,1
1,22,1.829605852,101,1
1,22,1.537662639,77,2
1,22,1.458759021,76.5,2
1,22,1.989696357,85.5,2
1,22,3.250096933,86.5,2
1,22,1.730595745,100,1
1,22,1.511546512,78,2
1,22,1.729361994,93.5,1
1,22,1.819704174,95.5,1
1,22,1.886220692,103,1
1,22,1.606489895,81.5,2
1,22,6.001270953,83,2
1,22,1.319852467,76.5,2
1,22,1.573457973,82,2
1,22,2.185243522,88.5,2
1,22,1.827471543,83,2
1,22,1.580769058,98,1
1,22,2.814755583,80,2
1,22,2.032880828,104.5,1
1,22,1.424722677,104,1
1,22,1.332184138,78.5,2
1,22,1.653107981,71,2
1,22,1.341393199,73,2
1,22,1.629875099,79,2
1,22,2.862352728,91,1
1,22,2.013549923,97,1
1,22,4.646403828,99.5,1
1,22,2.87265643,87.5,2
1,22,1.605783736,84.5,2
1,22,2.184611271,92.5,1
1,22,2.022069961,97.5,1
1,22,1.388379448,99.5,1
1,22,1.159985963,103.5,1
1,22,1.45374727,110,1
1,22,1.747151207,83.5,2
1,22,1.362902827,101.5,1
1,22,2.738140912,88.5,2
1,22,1.597314736,74.5,2
1,22,1.213208425,85,2
1,22,1.660351491,88,2
1,22,1.464131517,79,2
1,22,2.079471521,70,2
1,22,1.577025447,84,2
1,22,1.267615033,107,1
1,22,1.682862962,108.5,1
1,22,1.427272961,105.5,1
1,22,1.579711872,107.5,1
1,22,1.741742845,93.5,1
1,22,1.978524821,97,1
1,22,1.573880836,80.5,2
1,22,1.514029549,75.5,2
1,22,1.530830809,72,2
1,22,1.571087305,71.5,2
1,22,1.296296119,73.5,2
1,22,1.543163681,71.5,2
1,22,1.476748861,99,1
1,22,1.138154451,72,2
1,22,1.503380249,75,2
1,22,2.761653784,87,2
1,22,1.216693663,77,2
1,22,1.479210404,76,2
1,22,1.733503339,94,1
1,22,1.54933879,96.5,1
1,22,1.836725292,96,1
1,22,1.444622271,105,1
1,22,1.505998578,86.5,2
1,22,1.423031077,74,2
1,22,1.5326982,110,1
1,22,1.675832161,100.5,1
1,22,1.464225529,79.5,2
1,22,1.222597032,101,1
1,23,1.136541013,98.5,1
1,23,2.235100548,89.5,2
1,23,1.21561557,73.5,2
1,23,1.266181661,105.5,1
1,23,1.136385428,109.5,1
1,23,1.432626954,89,2
1,23,1.450592823,93,1
1,23,1.395539171,95,1
1,23,0.953504148,78.5,2
1,23,0.861369738,76,2
1,23,1.184473137,101.5,1
1,23,0.931469725,71,2
1,23,0.941343317,80.5,2
1,23,1.312662677,105,1
1,23,1.29014117,70.5,2
1,23,1.302824906,93,1
1,23,1.086423612,109,1
1,23,1.098244412,98,1
1,23,0.787964651,102,1
1,23,0.85992283,104.5,1
1,23,1.378070564,84.5,2
1,23,1.766615947,92,1
1,23,1.297006228,82.5,2
1,23,1.630248803,108.5,1
1,23,2.882732608,89.5,2
1,23,1.292760989,103,1
1,23,1.676254813,77.5,2
1,23,1.430012894,94,1
1,23,0.912158214,86,2
1,23,1.218231825,94.5,1
1,23,1.127881721,74.5,2
1,23,1.11811682,81,2
1,23,3.135172711,85,2
1,23,1.185713759,80,2
1,23,2.02407518,83.5,2
1,23,5.667377796,73,2
1,23,1.573536613,108,1
1,23,2.443573317,92,1
1,23,1.131506264,77.5,2
1,23,1.132219789,106.5,1
1,23,1.411065128,82,2
1,23,1.331715754,87,2
1,23,1.294119602,109.5,1
1,23,1.001365498,82.5,2
1,23,1.208770579,100.5,1
1,23,7.630251342,102,1
1,23,7.480723801,90.5,1
1,23,1.823842567,89,2
1,23,1.052624401,78,2
1,23,1.220616507,91.5,1
1,23,2.093475166,79.5,2
1,23,7.203645992,72.5,2
1,23,1.601624175,109,1
1,23,1.279862572,106,1
1,23,1.271226721,84,2
1,23,1.171720124,81,2
1,23,1.108837146,96,1
1,23,8.36854369,104,1
1,23,6.283138468,106.5,1
1,23,1.429091734,100,1
1,23,2.049251835,72.5,2
1,23,1.344700439,85.5,2
1,23,1.140591121,107,1
1,23,3.203328949,95.5,1
1,23,2.294031037,87.5,2
1,23,4.469460432,94.5,1
1,23,1.397415613,103.5,1
1,23,1.216734017,92.5,1
1,23,0.977256546,70.5,2
1,23,1.361846777,75.5,2
1,23,0.889545915,108,1
1,23,1.079913319,102.5,1
1,23,1.946026024,75,2
1,23,1.054788546,99,1
1,23,0.888323332,97.5,1
1,23,0.978647566,86,2
1,23,1.408004222,107.5,1
1,23,4.459374518,74,2
1,23,0.838136302,98.5,1
1,23,1.315406185,101,1
1,23,0.859866558,77,2
1,23,1.205144574,76.5,2
1,23,2.239290338,85.5,2
1,23,3.148595314,86.5,2
1,23,0.885353136,100,1
1,23,0.884274317,78,2
1,23,0.937285655,93.5,1
1,23,0.78849655,95.5,1
1,23,0.939448656,103,1
1,23,0.970697523,81.5,2
1,23,3.578560787,83,2
1,23,0.898575563,76.5,2
1,23,1.10794913,82,2
1,23,1.400400135,88.5,2
1,23,3.232151918,83,2
1,23,1.013997989,98,1
1,23,1.07953021,80,2
1,23,1.353738114,104.5,1
1,23,5.154560286,104,1
1,23,1.057290637,78.5,2
1,23,0.814919896,71,2
1,23,6.178865418,73,2
1,23,6.561971687,79,2
1,23,8.28054216,88,2
1,23,5.348263386,91,1
1,23,1.387435678,97,1
1,23,1.018651134,99.5,1
1,23,2.512092183,87.5,2
1,23,1.345639516,84.5,2
1,23,1.774512669,92.5,1
1,23,1.1265239,97.5,1
1,23,1.228746226,99.5,1
1,23,0.8224839,103.5,1
1,23,1.205390129,110,1
1,23,0.941779394,83.5,2
1,23,0.933295454,101.5,1
1,23,1.007567504,88.5,2
1,23,2.44673786,74.5,2
1,23,0.801474295,85,2
1,23,1.098588961,88,2
1,23,1.880392749,79,2
1,23,0.950193112,70,2
1,23,0.880742509,84,2
1,23,0.949599409,107,1
1,23,0.89716125,108.5,1
1,23,1.547436794,91,1
1,23,0.933126501,105.5,1
1,23,1.360041757,107.5,1
1,23,1.480335149,93.5,1
1,23,2.363823216,97,1
1,23,1.64884341,80.5,2
1,23,1.175737665,72,2
1,23,1.119289671,71.5,2
1,23,3.07808495,73.5,2
1,23,0.983024832,71.5,2
1,23,1.895746212,99,1
1,23,1.035023389,72,2
1,23,0.930170979,75,2
1,23,1.528362626,87,2
1,23,1.102647827,77,2
1,23,1.09976271,76,2
1,23,3.291496476,94,1
1,23,1.372832825,96.5,1
1,23,1.095742882,96,1
1,23,1.269495628,105,1
1,23,1.099493798,86.5,2
1,23,1.81556426,74,2
1,23,1.321575698,110,1
1,23,1.015250557,79.5,2
1,23,3.256345301,101,1
1,24,1.549400807,98.5,1
1,24,1.548164261,73.5,2
1,24,1.893460331,91.5,1
1,24,2.490095344,105.5,1
1,24,1.184499428,93,1
1,24,1.180737009,95,1
1,24,1.897373,78.5,2
1,24,2.270604526,76,2
1,24,1.398472256,101.5,1
1,24,3.226048512,71,2
1,24,1.23818918,80.5,2
1,24,1.07246775,81.5,2
1,24,1.409289634,105,1
1,24,1.506402164,106,1
1,24,1.217878595,70.5,2
1,24,5.083369461,93,1
1,24,1.823446779,109,1
1,24,1.357661805,98,1
1,24,1.23259083,102,1
1,24,2.147355902,104.5,1
1,24,1.985450894,84.5,2
1,24,1.335370573,92,1
1,24,2.509310102,82.5,2
1,24,6.548567757,108.5,1
1,24,1.558119072,96.5,1
1,24,1.396093063,103,1
1,24,2.051408468,77.5,2
1,24,1.197985555,94,1
1,24,3.469875088,86,2
1,24,1.209153212,74.5,2
1,24,4.584819286,81,2
1,24,1.602179399,85,2
1,24,1.86736479,80,2
1,24,3.739536677,83.5,2
1,24,3.467908691,70,2
1,24,2.449793628,73,2
1,24,4.753405813,108,1
1,24,6.191875955,92,1
1,24,3.985816395,77.5,2
1,24,1.559300647,106.5,1
1,24,1.455650223,95,1
1,24,3.447025727,82,2
1,24,2.884990929,87,2
1,24,1.784780392,109.5,1
1,24,1.8887811,82.5,2
1,24,1.008602551,100.5,1
1,24,1.499544281,102,1
1,24,1.206290353,90.5,1
1,24,1.174473649,78,2
1,24,1.455574865,91.5,1
1,24,1.261339775,90.5,1
1,24,1.167060946,79.5,2
1,24,2.13086852,72.5,2
1,24,2.501083581,109,1
1,24,0.96402422,102.5,1
1,24,1.020955989,106,1
1,24,1.127186368,84,2
1,24,2.286094749,81,2
1,24,3.031286802,96,1
1,24,8.66694864,104,1
1,24,2.222160122,106.5,1
1,24,3.027234615,100,1
1,24,2.339670424,72.5,2
1,24,5.257504726,85.5,2
1,24,2.994815282,107,1
1,24,1.831291161,95.5,1
1,24,2.40912864,87.5,2
1,24,1.218610732,94.5,1
1,24,1.580540462,103.5,1
1,24,1.686889713,92.5,1
1,24,0.95503586,70.5,2
1,24,1.090923864,75.5,2
1,24,1.426008885,108,1
1,24,1.232434869,102.5,1
1,24,1.784339162,75,2
1,24,1.015956445,99,1
1,24,1.218484511,97.5,1
1,24,1.289221278,86,2
1,24,3.329430888,107.5,1
1,24,1.363546967,74,2
1,24,1.713995387,98.5,1
1,24,2.532509638,101,1
1,24,2.140080073,77,2
1,24,2.510644736,76.5,2
1,24,3.154019029,85.5,2
1,24,1.188272111,86.5,2
1,24,1.100263688,100,1
1,24,0.931012534,78,2
1,24,1.141011286,93.5,1
1,24,1.139119318,95.5,1
1,24,2.950047675,103,1
1,24,4.957001916,81.5,2
1,24,1.172449918,83,2
1,24,1.273686942,76.5,2
1,24,1.501208504,82,2
1,24,1.905239721,88.5,2
1,24,1.293982002,83,2
1,24,1.055475112,98,1
1,24,1.247232045,80,2
1,24,1.164597399,104,1
1,24,1.726074285,78.5,2
1,24,1.127339527,71,2
1,24,1.157906162,73,2
1,24,0.934454322,79,2
1,24,1.244379284,88,2
1,24,2.865296464,91,1
1,24,2.168130922,97,1
1,24,1.061793912,99.5,1
1,24,1.162364346,84.5,2
1,24,1.134796962,92.5,1
1,24,1.692763635,97.5,1
1,24,1.650683358,99.5,1
1,24,0.980238426,103.5,1
1,24,2.663591537,110,1
1,24,1.696152242,83.5,2
1,24,1.204278835,101.5,1
1,24,1.425338148,88.5,2
1,24,1.060650281,74.5,2
1,24,0.878119084,85,2
1,24,1.660259959,88,2
1,24,1.759918687,79,2
1,24,1.368533199,70,2
1,24,1.398049095,84,2
1,24,1.377973311,107,1
1,24,1.361830219,108.5,1
1,24,4.12053993,91,1
1,24,2.467635693,105.5,1
1,24,1.409979416,107.5,1
1,24,1.085504807,93.5,1
1,24,1.171903766,97,1
1,24,4.857813182,80.5,2
1,24,3.050727007,75.5,2
1,24,0.977894627,72,2
1,24,1.266996368,71.5,2
1,24,1.634615515,73.5,2
1,24,1.600370735,71.5,2
1,24,1.432632967,99,1
1,24,1.653833244,72,2
1,24,1.23840397,75,2
1,24,1.428026336,77,2
1,24,1.649258385,94,1
1,24,0.962484426,96.5,1
1,24,0.972128964,96,1
1,24,1.129919519,105,1
1,24,0.930594721,74,2
1,24,1.591194312,110,1
1,24,1.364247643,100.5,1
1,24,1.135743102,79.5,2
1,24,2.363003201,101,1
1,25,1.276523235,98.5,1
1,25,0.836985207,73.5,2
1,25,1.347690905,91.5,1
1,25,0.899530049,105.5,1
1,25,0.73532457,109.5,1
1,25,1.177837754,89,2
1,25,1.763523113,93,1
1,25,1.400684597,95,1
1,25,1.015664877,78.5,2
1,25,1.390337038,76,2
1,25,1.10277758,101.5,1
1,25,1.303736391,71,2
1,25,4.095989496,80.5,2
1,25,1.049459711,81.5,2
1,25,1.091687146,105,1
1,25,0.917099698,106,1
1,25,0.83675556,70.5,2
1,25,0.903929616,93,1
1,25,0.816676266,109,1
1,25,1.164436818,98,1
1,25,1.591827183,102,1
1,25,1.049637081,104.5,1
1,25,7.268791076,84.5,2
1,25,1.295687549,92,1
1,25,1.000975694,82.5,2
1,25,4.047058788,108.5,1
1,25,1.510032186,96.5,1
1,25,1.179720756,89.5,2
1,25,2.418140387,103,1
1,25,2.602345449,77.5,2
1,25,1.413325467,94,1
1,25,2.456550823,86,2
1,25,2.860700037,94.5,1
1,25,5.957913854,74.5,2
1,25,1.233626491,81,2
1,25,2.319061401,85,2
1,25,3.024855233,80,2
1,25,1.057766399,83.5,2
1,25,1.260839619,70,2
1,25,1.668659949,73,2
1,25,4.055426599,108,1
1,25,2.652352404,92,1
1,25,1.507274949,77.5,2
1,25,4.897608975,106.5,1
1,25,1.570511332,95,1
1,25,1.75202693,82,2
1,25,2.766757758,87,2
1,25,4.338644094,109.5,1
1,25,1.158149238,82.5,2
1,25,1.235770384,100.5,1
1,25,1.256816685,102,1
1,25,2.041881182,90.5,1
1,25,3.854151156,78,2
1,25,0.99999799,91.5,1
1,25,1.208203733,90.5,1
1,25,2.465691867,79.5,2
1,25,5.304288673,72.5,2
1,25,4.495235716,109,1
1,25,1.040723024,102.5,1
1,25,1.103832837,106,1
1,25,1.761638853,84,2
1,25,2.13454035,81,2
1,25,1.35568556,96,1
1,25,0.923537206,104,1
1,25,2.325598996,106.5,1
1,25,2.62958888,100,1
1,25,1.052973938,72.5,2
1,25,1.119597121,85.5,2
1,25,0.965469207,107,1
1,25,9.024563695,87.5,2
1,25,1.139996967,94.5,1
1,25,1.50470981,103.5,1
1,25,1.03690846,92.5,1
1,25,1.076961579,70.5,2
1,25,1.113916374,108,1
1,25,0.884068443,102.5,1
1,25,1.157467426,75,2
1,25,1.197843703,99,1
1,25,1.666840468,97.5,1
1,25,1.242222765,86,2
1,25,1.247504645,107.5,1
1,25,1.091962062,74,2
1,25,0.968930827,98.5,1
1,25,5.613777931,77,2
1,25,1.06534623,76.5,2
1,25,1.635392136,85.5,2
1,25,2.351658168,86.5,2
1,25,1.314597236,100,1
1,25,3.312477868,78,2
1,25,1.678203383,93.5,1
1,25,4.210730919,95.5,1
1,25,0.835743398,103,1
1,25,0.841274233,81.5,2
1,25,1.132802872,83,2
1,25,1.107545481,76.5,2
1,25,0.960725427,82,2
1,25,0.865416894,83,2
1,25,0.950339748,98,1
1,25,1.205417126,80,2
1,25,1.002052332,104.5,1
1,25,1.06628356,104,1
1,25,2.339760081,78.5,2
1,25,8.421368524,71,2
1,25,1.448446339,73,2
1,25,0.671485856,79,2
1,25,1.082044905,88,2
1,25,1.541455158,91,1
1,25,1.318951131,97,1
1,25,1.008625454,99.5,1
1,25,1.323327666,87.5,2
1,25,1.16831622,84.5,2
1,25,5.085126898,92.5,1
1,25,4.31497058,97.5,1
1,25,1.422610082,99.5,1
1,25,1.538383495,103.5,1
1,25,2.995917305,110,1
1,25,0.955337919,83.5,2
1,25,1.448223612,101.5,1
1,25,2.230768367,88.5,2
1,25,3.98507194,74.5,2
1,25,1.477606681,85,2
1,25,1.298009234,88,2
1,25,1.164243866,79,2
1,25,0.754357464,70,2
1,25,0.855799726,84,2
1,25,0.827139743,107,1
1,25,0.998592069,108.5,1
1,25,1.372943703,91,1
1,25,1.106144461,105.5,1
1,25,5.968071264,107.5,1
1,25,5.176726423,93.5,1
1,25,0.860569759,97,1
1,25,0.956533935,80.5,2
1,25,0.775095271,75.5,2
1,25,3.125491584,72,2
1,25,0.921227561,71.5,2
1,25,1.934768457,73.5,2
1,25,1.09009715,71.5,2
1,25,2.789290938,99,1
1,25,2.234688404,72,2
1,25,1.736019219,75,2
1,25,0.98710431,87,2
1,25,7.321938506,77,2
1,25,0.886939239,76,2
1,25,1.566000604,94,1
1,25,4.244454165,96.5,1
1,25,1.012151706,96,1
1,25,2.495211901,105,1
1,25,2.056856361,86.5,2
1,25,2.166802909,74,2
1,25,0.847925075,110,1
1,25,0.860489266,100.5,1
1,25,1.107273864,79.5,2
1,25,1.530721933,101,1
1,26,1.157549109,98.5,1
1,26,1.435732423,89.5,2
1,26,0.882805935,73.5,2
1,26,1.90288177,91.5,1
1,26,1.119039554,105.5,1
1,26,3.053089971,109.5,1
1,26,2.016698761,89,2
1,26,4.742914676,93,1
1,26,1.971935366,95,1
1,26,1.192530787,78.5,2
1,26,0.973164269,76,2
1,26,1.031766342,101.5,1
1,26,1.000108987,71,2
1,26,1.31243426,80.5,2
1,26,1.092022281,81.5,2
1,26,0.859285105,105,1
1,26,1.433468737,106,1
1,26,3.383845558,70.5,2
1,26,1.96703056,93,1
1,26,1.155494455,109,1
1,26,1.49515342,98,1
1,26,0.83288239,102,1
1,26,0.98566349,104.5,1
1,26,0.910678024,84.5,2
1,26,1.793299537,92,1
1,26,0.938011477,82.5,2
1,26,1.381718258,108.5,1
1,26,0.992279564,96.5,1
1,26,0.941402827,103,1
1,26,4.531160208,77.5,2
1,26,1.06846208,94,1
1,26,1.217839012,86,2
1,26,1.753867527,94.5,1
1,26,3.628863117,74.5,2
1,26,1.107800121,81,2
1,26,1.000562971,85,2
1,26,1.796728291,80,2
1,26,1.106377196,83.5,2
1,26,3.046838805,70,2
1,26,2.559498172,73,2
1,26,2.226347065,108,1
1,26,3.466654769,92,1
1,26,1.190649588,77.5,2
1,26,4.390952326,106.5,1
1,26,3.408406223,95,1
1,26,1.112265135,82,2
1,26,2.272548546,87,2
1,26,1.205732015,109.5,1
1,26,1.087895079,82.5,2
1,26,4.233732577,100.5,1
1,26,7.687326597,102,1
1,26,2.174539063,90.5,1
1,26,2.223270047,89,2
1,26,1.589577003,78,2
1,26,1.480495428,91.5,1
1,26,3.31833776,90.5,1
1,26,2.366074166,79.5,2
1,26,3.52117573,72.5,2
1,26,1.431141403,109,1
1,26,1.478283746,102.5,1
1,26,3.539705485,106,1
1,26,3.186352805,84,2
1,26,1.633451799,81,2
1,26,2.042113415,96,1
1,26,1.292118745,104,1
1,26,1.410803756,106.5,1
1,26,1.103966316,100,1
1,26,2.911461256,72.5,2
1,26,1.068131334,85.5,2
1,26,1.856914983,107,1
1,26,1.068204251,95.5,1
1,26,1.450963832,87.5,2
1,26,1.169351821,94.5,1
1,26,1.248965557,103.5,1
1,26,1.654512926,92.5,1
1,26,3.421690233,70.5,2
1,26,1.03094096,75.5,2
1,26,1.09918839,108,1
1,26,7.371699313,102.5,1
1,26,2.145204914,75,2
1,26,1.212014993,99,1
1,26,1.046210079,97.5,1
1,26,1.12678399,86,2
1,26,0.899024798,107.5,1
1,26,2.556975469,74,2
1,26,1.130469997,98.5,1
1,26,1.88751813,101,1
1,26,0.9527279,77,2
1,26,1.148515186,76.5,2
1,26,1.076970477,85.5,2
1,26,0.995314924,86.5,2
1,26,1.185906385,100,1
1,26,1.398188944,78,2
1,26,1.029493854,93.5,1
1,26,3.155323107,95.5,1
1,26,1.667889805,103,1
1,26,3.370420958,81.5,2
1,26,0.975196309,83,2
1,26,1.327776754,76.5,2
1,26,3.604567675,82,2
1,26,1.734253833,88.5,2
1,26,2.523312476,83,2
1,26,1.859545673,98,1
1,26,1.104928957,80,2
1,26,1.990907411,104.5,1
1,26,1.068761971,104,1
1,26,1.213951356,78.5,2
1,26,1.024860113,71,2
1,26,3.11255471,73,2
1,26,1.175780232,79,2
1,26,1.626909908,88,2
1,26,1.294502904,91,1
1,26,1.321457435,97,1
1,26,2.39583432,99.5,1
1,26,1.114880645,87.5,2
1,26,1.510488684,84.5,2
1,26,1.318777411,92.5,1
1,26,4.861024006,97.5,1
1,26,1.163372527,99.5,1
1,26,4.207857985,103.5,1
1,26,1.085582148,110,1
1,26,1.633939934,83.5,2
1,26,1.056934085,101.5,1
1,26,1.373300707,88.5,2
1,26,1.952878694,74.5,2
1,26,1.167783421,85,2
1,26,1.687089979,88,2
1,26,1.092556896,79,2
1,26,1.413385011,70,2
1,26,1.69027655,84,2
1,26,2.391252049,107,1
1,26,2.865968728,108.5,1
1,26,2.860940249,91,1
1,26,1.214420162,105.5,1
1,26,1.827938323,107.5,1
1,26,2.542376584,93.5,1
1,26,0.840560181,97,1
1,26,1.212589212,80.5,2
1,26,0.913567669,75.5,2
1,26,1.191153054,72,2
1,26,1.029958807,71.5,2
1,26,0.970502895,73.5,2
1,26,0.778469586,71.5,2
1,26,1.486889125,99,1
1,26,3.298590998,72,2
1,26,2.723044276,75,2
1,26,1.587299542,87,2
1,26,1.342635419,77,2
1,26,1.246713666,76,2
1,26,2.765761689,94,1
1,26,1.126777003,96.5,1
1,26,1.607694964,96,1
1,26,1.088506202,105,1
1,26,1.17881791,86.5,2
1,26,4.752521988,74,2
1,26,1.073222828,110,1
1,26,1.26014146,100.5,1
1,26,2.511252592,79.5,2
1,26,1.208585936,101,1
1,27,1.196960987,98.5,1
1,27,1.477830542,89.5,2
1,27,0.981198103,73.5,2
1,27,1.038853293,105.5,1
1,27,0.869795302,109.5,1
1,27,1.486784341,89,2
1,27,2.52237697,93,1
1,27,1.585444985,95,1
1,27,1.223186682,78.5,2
1,27,1.463480021,76,2
1,27,1.278934234,101.5,1
1,27,1.247550122,71,2
1,27,1.160941748,80.5,2
1,27,1.265205509,81.5,2
1,27,1.182295876,105,1
1,27,1.123944392,106,1
1,27,1.148455369,70.5,2
1,27,1.70254075,93,1
1,27,1.210891477,109,1
1,27,1.525019432,98,1
1,27,1.416060824,102,1
1,27,1.379941512,104.5,1
1,27,1.610131651,84.5,2
1,27,1.857987471,82.5,2
1,27,1.568908733,108.5,1
1,27,1.695047757,96.5,1
1,27,2.042666482,89.5,2
1,27,2.567935785,103,1
1,27,1.57514535,77.5,2
1,27,2.880688496,94,1
1,27,4.039990309,86,2
1,27,5.584602461,94.5,1
1,27,1.638703387,74.5,2
1,27,1.277033473,81,2
1,27,1.842303034,85,2
1,27,4.805907305,80,2
1,27,3.178331113,83.5,2
1,27,1.757618261,70,2
1,27,1.832872557,73,2
1,27,2.273505179,108,1
1,27,2.509869185,92,1
1,27,2.420116512,77.5,2
1,27,5.032269667,106.5,1
1,27,1.780257937,95,1
1,27,1.163219323,82,2
1,27,2.009195108,87,2
1,27,2.304800681,109.5,1
1,27,1.445297028,82.5,2
1,27,1.49763168,102,1
1,27,2.409437226,90.5,1
1,27,2.002473422,89,2
1,27,3.122203787,78,2
1,27,1.642781467,91.5,1
1,27,1.670140066,90.5,1
1,27,1.413595995,79.5,2
1,27,4.011924575,72.5,2
1,27,1.532733496,109,1
1,27,3.07326758,102.5,1
1,27,2.799300632,106,1
1,27,1.028044676,84,2
1,27,3.478463581,96,1
1,27,1.427163208,104,1
1,27,1.52630681,106.5,1
1,27,1.040466121,100,1
1,27,4.570749712,72.5,2
1,27,1.422341636,85.5,2
1,27,1.446518764,107,1
1,27,1.997718535,95.5,1
1,27,3.030142373,87.5,2
1,27,1.365757079,94.5,1
1,27,2.516401278,103.5,1
1,27,1.527887676,92.5,1
1,27,1.119112872,70.5,2
1,27,1.416034036,75.5,2
1,27,4.38074196,108,1
1,27,1.547062004,102.5,1
1,27,1.180944688,75,2
1,27,2.777859594,97.5,1
1,27,1.42414321,86,2
1,27,1.154980393,107.5,1
1,27,2.344720047,74,2
1,27,1.50914874,98.5,1
1,27,2.333232172,101,1
1,27,3.396869955,77,2
1,27,1.333139575,76.5,2
1,27,1.318955952,85.5,2
1,27,1.262575234,86.5,2
1,27,1.389090211,78,2
1,27,6.056669944,93.5,1
1,27,1.259403693,95.5,1
1,27,1.42844841,103,1
1,27,1.373591556,81.5,2
1,27,3.433252237,83,2
1,27,3.225181079,76.5,2
1,27,1.276174141,82,2
1,27,3.433262333,88.5,2
1,27,1.041620332,83,2
1,27,2.82413633,98,1
1,27,1.150737889,80,2
1,27,1.47445382,104.5,1
1,27,1.807883406,78.5,2
1,27,1.12880272,71,2
1,27,0.992672436,73,2
1,27,4.872398884,79,2
1,27,1.997843952,88,2
1,27,2.207171232,91,1
1,27,1.62050999,97,1
1,27,2.514708913,99.5,1
1,27,4.743755268,87.5,2
1,27,1.567426737,84.5,2
1,27,1.799514512,97.5,1
1,27,3.747382334,99.5,1
1,27,2.625009978,103.5,1
1,27,1.434365133,110,1
1,27,1.141007443,101.5,1
1,27,3.970629543,88.5,2
1,27,1.446475089,74.5,2
1,27,1.61378178,85,2
1,27,1.276291372,79,2
1,27,1.557935106,70,2
1,27,3.226724913,84,2
1,27,4.491588979,108.5,1
1,27,4.46390141,91,1
1,27,2.199615132,107.5,1
1,27,2.987430556,93.5,1
1,27,6.92355815,97,1
1,27,2.283748481,80.5,2
1,27,2.25908294,72,2
1,27,5.534344817,71.5,2
1,27,5.132201028,73.5,2
1,27,2.221370083,71.5,2
1,27,2.364311735,99,1
1,27,1.940900763,72,2
1,27,1.55824336,75,2
1,27,1.397579138,87,2
1,27,2.994041465,77,2
1,27,6.312383269,76,2
1,27,1.378514972,94,1
1,27,1.631455394,96.5,1
1,27,1.165844097,96,1
1,27,1.591326043,86.5,2
1,27,3.429903883,74,2
1,27,1.339297786,110,1
1,27,8.723477023,100.5,1
1,27,1.460995574,79.5,2
1,27,1.50566002,101,1
1,28,4.512279092,98.5,1
1,28,3.016256917,89.5,2
1,28,4.08755246,73.5,2
1,28,1.648639322,91.5,1
1,28,1.064307803,105.5,1
1,28,6.299362355,109.5,1
1,28,1.985002017,89,2
1,28,3.066971738,93,1
1,28,1.362872998,95,1
1,28,1.581957923,78.5,2
1,28,2.579252601,76,2
1,28,1.369407477,101.5,1
1,28,2.80089797,71,2
1,28,0.953995569,80.5,2
1,28,2.891143278,81.5,2
1,28,5.061907116,105,1
1,28,1.589839927,106,1
1,28,2.078787999,70.5,2
1,28,1.710426467,93,1
1,28,2.32649683,109,1
1,28,2.654221676,98,1
1,28,2.993854566,102,1
1,28,1.547015405,104.5,1
1,28,1.570326603,84.5,2
1,28,2.394420031,92,1
1,28,2.579635839,82.5,2
1,28,1.401260484,108.5,1
1,28,1.290796599,96.5,1
1,28,1.311243582,89.5,2
1,28,2.470671986,103,1
1,28,1.412516011,77.5,2
1,28,1.952579783,94,1
1,28,1.753674691,86,2
1,28,3.209224071,94.5,1
1,28,1.524067521,74.5,2
1,28,1.421434798,81,2
1,28,1.198174315,85,2
1,28,1.174596464,80,2
1,28,2.167261656,83.5,2
1,28,2.125459529,70,2
1,28,3.001418951,73,2
1,28,1.458182326,108,1
1,28,3.134243152,92,1
1,28,1.294963457,77.5,2
1,28,2.152559251,106.5,1
1,28,1.537570972,95,1
1,28,1.375936855,82,2
1,28,1.188922071,87,2
1,28,2.318373028,109.5,1
1,28,1.28531096,82.5,2
1,28,1.615293121,100.5,1
1,28,1.546334059,102,1
1,28,2.564275639,89,2
1,28,5.392595136,78,2
1,28,3.029911134,91.5,1
1,28,1.546001213,79.5,2
1,28,1.321403389,72.5,2
1,28,1.287323715,109,1
1,28,4.94889468,102.5,1
1,28,1.836375296,106,1
1,28,3.336477826,84,2
1,28,3.23121793,81,2
1,28,1.866087417,96,1
1,28,1.153144893,104,1
1,28,1.361954392,106.5,1
1,28,1.9367439,100,1
1,28,1.81554285,72.5,2
1,28,1.599793668,85.5,2
1,28,2.071782436,107,1
1,28,1.727259523,95.5,1
1,28,1.506677017,87.5,2
1,28,2.854223005,94.5,1
1,28,2.469500747,103.5,1
1,28,1.736189478,92.5,1
1,28,6.164751234,70.5,2
1,28,2.189925094,75.5,2
1,28,1.774651843,108,1
1,28,0.938822626,102.5,1
1,28,1.89213694,75,2
1,28,4.232117157,99,1
1,28,1.228224025,97.5,1
1,28,2.061543175,86,2
1,28,2.089771636,107.5,1
1,28,0.882784648,74,2
1,28,3.33797239,98.5,1
1,28,4.4634869,101,1
1,28,3.203856549,77,2
1,28,1.576424996,76.5,2
1,28,1.559900936,85.5,2
1,28,1.491793937,86.5,2
1,28,1.890999729,100,1
1,28,1.30831811,78,2
1,28,1.205530772,93.5,1
1,28,1.030150535,95.5,1
1,28,0.93900322,103,1
1,28,5.487952175,81.5,2
1,28,2.442581501,83,2
1,28,1.61395156,76.5,2
1,28,1.251130324,82,2
1,28,1.856418423,88.5,2
1,28,1.619133464,83,2
1,28,1.231083862,98,1
1,28,1.40934903,80,2
1,28,1.906166516,104.5,1
1,28,1.128225721,104,1
1,28,3.047542815,78.5,2
1,28,1.543080481,71,2
1,28,1.031518386,73,2
1,28,1.017149209,79,2
1,28,3.713413888,88,2
1,28,2.144268552,97,1
1,28,1.41319342,99.5,1
1,28,2.680812621,87.5,2
1,28,1.362535129,84.5,2
1,28,1.959037446,92.5,1
1,28,1.577579365,97.5,1
1,28,1.276180109,99.5,1
1,28,3.100750378,103.5,1
1,28,2.243155129,110,1
1,28,2.303997608,83.5,2
1,28,1.836557817,101.5,1
1,28,1.816854748,88.5,2
1,28,1.983639898,74.5,2
1,28,1.871416957,85,2
1,28,1.528340059,88,2
1,28,1.698713512,79,2
1,28,1.042818796,70,2
1,28,1.55471047,84,2
1,28,1.609167074,107,1
1,28,1.278912354,108.5,1
1,28,4.079629796,91,1
1,28,3.189891142,105.5,1
1,28,1.363060939,107.5,1
1,28,2.787922542,93.5,1
1,28,1.584256968,97,1
1,28,1.324099797,80.5,2
1,28,2.42119819,75.5,2
1,28,2.87434652,72,2
1,28,1.947516474,71.5,2
1,28,1.66632431,73.5,2
1,28,1.356038957,71.5,2
1,28,1.383001214,99,1
1,28,2.957536346,72,2
1,28,1.592784221,75,2
1,28,1.836757424,87,2
1,28,1.075034183,77,2
1,28,1.3642788,76,2
1,28,1.364634478,94,1
1,28,2.927127266,96.5,1
1,28,1.477120952,96,1
1,28,1.491542017,105,1
1,28,2.424111641,86.5,2
1,28,0.940492936,74,2
1,28,2.719454461,110,1
1,28,1.125212149,100.5,1
1,28,1.327092469,79.5,2
1,28,1.773474417,101,1
1,29,1.067161847,98.5,1
1,29,2.193999206,89.5,2
1,29,0.970632245,73.5,2
1,29,5.526637009,91.5,1
1,29,1.017585098,105.5,1
1,29,0.928715695,109.5,1
1,29,1.342050377,89,2
1,29,1.229931111,93,1
1,29,5.432803993,95,1
1,29,0.986913727,78.5,2
1,29,0.87890426,76,2
1,29,0.844789303,101.5,1
1,29,0.905857389,71,2
1,29,0.898742779,80.5,2
1,29,1.195849522,81.5,2
1,29,0.874029053,105,1
1,29,0.893564985,70.5,2
1,29,1.032694458,93,1
1,29,0.853894849,109,1
1,29,0.952052439,98,1
1,29,0.915583501,102,1
1,29,0.718789471,104.5,1
1,29,1.411718063,84.5,2
1,29,0.934031634,82.5,2
1,29,0.826124413,108.5,1
1,29,0.865167074,96.5,1
1,29,1.044428152,89.5,2
1,29,0.93100083,103,1
1,29,5.026542328,77.5,2
1,29,1.499376247,94,1
1,29,1.281169922,86,2
1,29,1.182953388,94.5,1
1,29,1.412909962,74.5,2
1,29,1.020679985,81,2
1,29,1.007561888,85,2
1,29,1.540854542,80,2
1,29,1.209056668,83.5,2
1,29,1.084923415,70,2
1,29,1.032287384,73,2
1,29,0.848345644,108,1
1,29,1.140798522,92,1
1,29,0.846191458,77.5,2
1,29,0.885654649,106.5,1
1,29,0.891552577,95,1
1,29,1.156968509,82,2
1,29,1.08719123,87,2
1,29,1.429738025,109.5,1
1,29,1.257790718,82.5,2
1,29,0.984850505,100.5,1
1,29,8.776426612,102,1
1,29,1.951454401,90.5,1
1,29,3.226740519,89,2
1,29,1.913437079,78,2
1,29,2.059188549,91.5,1
1,29,4.236110891,90.5,1
1,29,4.496590028,79.5,2
1,29,0.901097928,72.5,2
1,29,1.096117116,109,1
1,29,5.421014017,102.5,1
1,29,0.974144496,106,1
1,29,1.140935736,84,2
1,29,1.064906445,81,2
1,29,8.828944558,96,1
1,29,1.272488228,104,1
1,29,0.821277989,106.5,1
1,29,0.93368394,100,1
1,29,1.136152563,72.5,2
1,29,1.0712096,85.5,2
1,29,1.203199164,107,1
1,29,1.097783067,95.5,1
1,29,0.939383565,87.5,2
1,29,1.757659095,94.5,1
1,29,4.157198261,103.5,1
1,29,1.443394242,92.5,1
1,29,1.144777813,70.5,2
1,29,0.898084421,75.5,2
1,29,0.829412312,108,1
1,29,6.896058503,102.5,1
1,29,0.813638993,75,2
1,29,1.163174912,99,1
1,29,0.910645301,97.5,1
1,29,1.348549419,86,2
1,29,1.295214641,107.5,1
1,29,1.219343619,74,2
1,29,3.420728621,98.5,1
1,29,1.340333782,101,1
1,29,0.85454802,77,2
1,29,0.689540556,76.5,2
1,29,1.409953545,85.5,2
1,29,0.879823225,86.5,2
1,29,1.197433483,100,1
1,29,2.071595802,78,2
1,29,1.22733484,93.5,1
1,29,0.917804694,95.5,1
1,29,0.89122349,103,1
1,29,1.477083754,81.5,2
1,29,0.885431254,76.5,2
1,29,1.212765564,82,2
1,29,1.075931865,88.5,2
1,29,0.750019144,83,2
1,29,1.119959768,98,1
1,29,0.678676062,80,2
1,29,0.826936493,104.5,1
1,29,1.051434228,104,1
1,29,1.222023852,78.5,2
1,29,1.023667156,71,2
1,29,6.058680393,73,2
1,29,1.910676562,79,2
1,29,4.105127544,88,2
1,29,1.16002396,99.5,1
1,29,1.325000801,87.5,2
1,29,1.033495866,84.5,2
1,29,1.462650263,92.5,1
1,29,1.111901197,97.5,1
1,29,0.824793743,99.5,1
1,29,9.483202347,103.5,1
1,29,0.788461161,110,1
1,29,1.096581554,83.5,2
1,29,0.846963186,101.5,1
1,29,1.444912589,88.5,2
1,29,1.459002737,74.5,2
1,29,0.973002631,85,2
1,29,1.067602698,88,2
1,29,0.773859746,79,2
1,29,1.079203971,70,2
1,29,0.821085308,84,2
1,29,1.039011291,107,1
1,29,1.196211269,108.5,1
1,29,1.192297126,91,1
1,29,0.881651009,105.5,1
1,29,0.880061227,107.5,1
1,29,1.261852317,93.5,1
1,29,0.791709832,97,1
1,29,0.854068667,80.5,2
1,29,1.196969416,75.5,2
1,29,1.071283528,72,2
1,29,1.113861935,71.5,2
1,29,1.150195242,73.5,2
1,29,0.974878794,71.5,2
1,29,1.277832539,99,1
1,29,1.150705249,72,2
1,29,1.220841776,75,2
1,29,1.151337695,87,2
1,29,0.849178133,77,2
1,29,0.709548252,76,2
1,29,1.136087838,94,1
1,29,1.007425069,96.5,1
1,29,1.017415634,96,1
1,29,0.938703097,105,1
1,29,1.312472553,86.5,2
1,29,1.004567122,74,2
1,29,1.090313762,110,1
1,29,1.32505066,100.5,1
1,29,1.671446075,79.5,2
1,29,1.276255531,101,1
1,3,1.9125,98.5,1
1,3,2.1445,89.5,2
1,3,1.9209,73.5,2
1,3,2.6108,91.5,1
1,3,1.5012,105.5,1
1,3,1.2751,109.5,1
1,3,1.9051,89,2
1,3,2.1069,93,1
1,3,2.3309,95,1
1,3,1.7531,78.5,2
1,3,1.5318,76,2
1,3,1.9752,101.5,1
1,3,1.5377,71,2
1,3,1.7781,80.5,2
1,3,1.7674,81.5,2
1,3,2.2516,105,1
1,3,1.9124,106,1
1,3,2.9382,70.5,2
1,3,2.2894,93,1
1,3,1.6547,109,1
1,3,1.7083,98,1
1,3,1.4942,102,1
1,3,2.0546,104.5,1
1,3,2.0864,84.5,2
1,3,2.3911,92,1
1,3,2.3205,82.5,2
1,3,1.4832,108.5,1
1,3,1.2127,96.5,1
1,3,1.6965,89.5,2
1,3,2.1821,103,1
1,3,3.0596,77.5,2
1,3,2.362,94,1
1,3,1.8756,86,2
1,3,1.5183,94.5,1
1,3,1.9282,74.5,2
1,3,1.415,81,2
1,3,2.1739,85,2
1,3,2.2089,80,2
1,3,2.1273,83.5,2
1,3,1.2817,70,2
1,3,2.5455,73,2
1,3,2.4932,108,1
1,3,2.9594,92,1
1,3,1.4769,77.5,2
1,3,2.1904,106.5,1
1,3,2.2182,95,1
1,3,2.406,82,2
1,3,1.3139,87,2
1,3,2.0929,109.5,1
1,3,1.6386,82.5,2
1,3,2.3745,100.5,1
1,3,2.7074,102,1
1,3,3.5047,90.5,1
1,3,2.8005,89,2
1,3,2.8943,78,2
1,3,2.1981,91.5,1
1,3,2.9166,90.5,1
1,3,6.9703,79.5,2
1,3,2.3465,72.5,2
1,3,1.238,109,1
1,3,2.5435,102.5,1
1,3,1.4065,106,1
1,3,2.1826,84,2
1,3,3.2342,81,2
1,3,1.7849,96,1
1,3,2.3311,104,1
1,3,2.1361,106.5,1
1,3,1.4604,100,1
1,3,2.0663,72.5,2
1,3,2.458,85.5,2
1,3,1.7789,107,1
1,3,1.7126,95.5,1
1,3,1.9455,87.5,2
1,3,1.6565,94.5,1
1,3,1.5654,103.5,1
1,3,1.9271,92.5,1
1,3,1.7061,70.5,2
1,3,2.1844,75.5,2
1,3,1.5075,108,1
1,3,3.4796,102.5,1
1,3,1.0789,75,2
1,3,2.007,99,1
1,3,1.2323,97.5,1
1,3,1.5598,86,2
1,3,1.8312,107.5,1
1,3,1.9682,74,2
1,3,1.4057,98.5,1
1,3,1.8206,101,1
1,3,1.3616,77,2
1,3,1.228,76.5,2
1,3,1.8939,85.5,2
1,3,2.1384,86.5,2
1,3,1.4874,100,1
1,3,1.9691,78,2
1,3,4.3034,93.5,1
1,3,2.5745,95.5,1
1,3,1.5747,103,1
1,3,2.1424,81.5,2
1,3,1.7623,83,2
1,3,1.7051,76.5,2
1,3,2.0796,82,2
1,3,2.0538,88.5,2
1,3,2.0492,83,2
1,3,1.7284,98,1
1,3,1.9675,80,2
1,3,1.2661,104.5,1
1,3,1.8656,104,1
1,3,2.994,78.5,2
1,3,1.1364,71,2
1,3,2.0165,73,2
1,3,1.6631,79,2
1,3,2.0908,88,2
1,3,1.8985,91,1
1,3,1.6029,97,1
1,3,1.6152,99.5,1
1,3,1.7132,87.5,2
1,3,2.0263,84.5,2
1,3,1.9986,92.5,1
1,3,1.5521,97.5,1
1,3,2.8688,99.5,1
1,3,1.817,103.5,1
1,3,1.3223,110,1
1,3,2.0263,83.5,2
1,3,1.8398,101.5,1
1,3,2.9059,88.5,2
1,3,2.1187,74.5,2
1,3,2.1388,85,2
1,3,3.2665,88,2
1,3,2.2548,79,2
1,3,1.5895,70,2
1,3,1.6674,84,2
1,3,1.7223,107,1
1,3,1.3463,108.5,1
1,3,2.1382,91,1
1,3,1.845,105.5,1
1,3,2.0714,107.5,1
1,3,1.626,93.5,1
1,3,2.5515,97,1
1,3,1.9448,80.5,2
1,3,1.4533,75.5,2
1,3,1.7793,72,2
1,3,1.0983,71.5,2
1,3,1.423,73.5,2
1,3,1.5068,71.5,2
1,3,2.2576,99,1
1,3,1.6168,72,2
1,3,1.6601,75,2
1,3,1.5529,87,2
1,3,1.3926,77,2
1,3,1.4377,76,2
1,3,1.414,94,1
1,3,1.3982,96.5,1
1,3,1.418,96,1
1,3,1.4419,105,1
1,3,1.6672,86.5,2
1,3,1.2437,74,2
1,3,1.2957,110,1
1,3,1.1282,100.5,1
1,3,1.528,79.5,2
1,3,1.398,101,1
1,4,1.9615,98.5,1
1,4,2.9421,89.5,2
1,4,2.4777,73.5,2
1,4,1.963,91.5,1
1,4,4.2532,105.5,1
1,4,3.9897,95,1
1,4,1.1568,78.5,2
1,4,1.4001,76,2
1,4,1.6154,101.5,1
1,4,1.1941,71,2
1,4,1.5188,80.5,2
1,4,2.5791,81.5,2
1,4,1.496,105,1
1,4,1.7952,106,1
1,4,1.3613,70.5,2
1,4,2.0797,93,1
1,4,0.0249,109,1
1,4,1.4644,98,1
1,4,1.1866,102,1
1,4,1.561,104.5,1
1,4,1.6238,84.5,2
1,4,1.6531,92,1
1,4,1.5599,82.5,2
1,4,1.968,108.5,1
1,4,1.2493,96.5,1
1,4,1.1994,103,1
1,4,1.6526,77.5,2
1,4,1.2304,94,1
1,4,1.0019,86,2
1,4,0.9555,94.5,1
1,4,0.9504,74.5,2
1,4,0.6931,81,2
1,4,1.2563,85,2
1,4,1.2477,80,2
1,4,0.9052,83.5,2
1,4,1.5883,70,2
1,4,0.9729,73,2
1,4,2.0143,108,1
1,4,1.1618,92,1
1,4,1.078,77.5,2
1,4,1.4792,106.5,1
1,4,1.9421,95,1
1,4,1.8972,82,2
1,4,1.6571,87,2
1,4,2.4427,109.5,1
1,4,2.7448,82.5,2
1,4,1.6819,100.5,1
1,4,1.0703,102,1
1,4,2.181,89,2
1,4,1.042,78,2
1,4,1.7408,90.5,1
1,4,1.6208,79.5,2
1,4,0.9557,72.5,2
1,4,1.1103,109,1
1,4,1.3961,102.5,1
1,4,1.48,106,1
1,4,1.4731,84,2
1,4,1.5223,81,2
1,4,1.7265,96,1
1,4,2.5955,104,1
1,4,1.0684,106.5,1
1,4,0.93,100,1
1,4,1.4183,72.5,2
1,4,1.4374,85.5,2
1,4,1.3597,107,1
1,4,2.6134,95.5,1
1,4,1.1633,87.5,2
1,4,2.7946,94.5,1
1,4,1.0566,103.5,1
1,4,1.6028,92.5,1
1,4,1.039,70.5,2
1,4,1.4899,75.5,2
1,4,1.0977,108,1
1,4,1.8044,102.5,1
1,4,2.1193,75,2
1,4,2.3679,99,1
1,4,1.3451,97.5,1
1,4,1.4905,86,2
1,4,1.0619,107.5,1
1,4,1.646,74,2
1,4,0.9583,98.5,1
1,4,0.9635,101,1
1,4,1.0091,77,2
1,4,1.3856,76.5,2
1,4,1.3187,86.5,2
1,4,1.3559,100,1
1,4,1.5725,78,2
1,4,1.1095,93.5,1
1,4,0.9795,95.5,1
1,4,1.4817,103,1
1,4,1.566,81.5,2
1,4,2.009,83,2
1,4,1.2532,76.5,2
1,4,1.0739,82,2
1,4,1.7995,88.5,2
1,4,1.3996,83,2
1,4,1.0585,98,1
1,4,1.1673,80,2
1,4,1.4237,104.5,1
1,4,1.5007,104,1
1,4,1.0937,78.5,2
1,4,0.7934,71,2
1,4,0.8626,73,2
1,4,1.3076,79,2
1,4,0.9396,88,2
1,4,2.3843,91,1
1,4,1.209,97,1
1,4,0.9924,99.5,1
1,4,1.3954,84.5,2
1,4,1.6104,92.5,1
1,4,2.2119,97.5,1
1,4,1.304,99.5,1
1,4,0.9353,103.5,1
1,4,1.5734,110,1
1,4,1.2891,83.5,2
1,4,1.0835,101.5,1
1,4,1.5317,88.5,2
1,4,1.3026,74.5,2
1,4,1.2058,85,2
1,4,1.1734,88,2
1,4,1.0051,79,2
1,4,1.192,70,2
1,4,1.0355,84,2
1,4,1.4717,107,1
1,4,0.9841,108.5,1
1,4,2.3181,91,1
1,4,1.3082,105.5,1
1,4,0.9025,107.5,1
1,4,1.6638,93.5,1
1,4,0.9495,97,1
1,4,1.473,80.5,2
1,4,1.4753,75.5,2
1,4,1.4496,72,2
1,4,1.1879,71.5,2
1,4,1.1094,73.5,2
1,4,1.6822,71.5,2
1,4,1.6292,99,1
1,4,3.4819,72,2
1,4,1.4125,75,2
1,4,1.1941,87,2
1,4,1.4056,77,2
1,4,1.5942,76,2
1,4,2.1095,94,1
1,4,1.4182,96.5,1
1,4,1.8054,96,1
1,4,1.3374,105,1
1,4,1.5425,86.5,2
1,4,1.6752,74,2
1,4,1.5718,110,1
1,4,0.8028,100.5,1
1,4,1.0519,79.5,2
1,4,1.1754,101,1
1,5,2.083071456,98.5,1
1,5,2.04041058,89.5,2
1,5,2.061638777,73.5,2
1,5,2.359382086,91.5,1
1,5,1.710169944,105.5,1
1,5,3.147950132,109.5,1
1,5,1.242284909,89,2
1,5,1.654963401,93,1
1,5,1.263954258,95,1
1,5,1.194134156,78.5,2
1,5,1.158924248,76,2
1,5,0.989337052,101.5,1
1,5,1.056059036,71,2
1,5,0.997218544,80.5,2
1,5,1.544541005,81.5,2
1,5,0.721707129,105,1
1,5,1.032599168,106,1
1,5,1.123017318,70.5,2
1,5,1.451150125,93,1
1,5,1.140824632,109,1
1,5,1.239147514,98,1
1,5,1.242042393,102,1
1,5,1.049121979,104.5,1
1,5,0.954467596,84.5,2
1,5,1.896307372,92,1
1,5,1.719154393,82.5,2
1,5,1.87751224,108.5,1
1,5,1.162556999,96.5,1
1,5,4.179876368,89.5,2
1,5,0.934378787,103,1
1,5,1.012620435,77.5,2
1,5,1.247661393,94,1
1,5,1.010263852,86,2
1,5,2.086744217,94.5,1
1,5,0.949763926,74.5,2
1,5,1.612405204,81,2
1,5,1.04938084,85,2
1,5,0.793619665,80,2
1,5,1.127766564,83.5,2
1,5,6.749385632,70,2
1,5,1.257445383,73,2
1,5,1.060104202,108,1
1,5,1.850448586,92,1
1,5,0.825743753,77.5,2
1,5,0.729575137,106.5,1
1,5,1.216621743,95,1
1,5,0.912845736,82,2
1,5,1.552510228,87,2
1,5,1.438733645,109.5,1
1,5,3.388543264,82.5,2
1,5,4.66876622,100.5,1
1,5,2.256191477,102,1
1,5,2.969929504,90.5,1
1,5,1.230873073,78,2
1,5,1.47662665,91.5,1
1,5,3.339590309,90.5,1
1,5,1.430526481,79.5,2
1,5,5.17076619,72.5,2
1,5,1.158793231,109,1
1,5,1.283696758,102.5,1
1,5,1.077783215,106,1
1,5,1.228617995,84,2
1,5,0.848727105,81,2
1,5,2.422946618,96,1
1,5,1.024092471,104,1
1,5,0.888259739,106.5,1
1,5,0.858894962,100,1
1,5,0.934728894,72.5,2
1,5,1.160894321,85.5,2
1,5,0.767824608,107,1
1,5,1.218038971,95.5,1
1,5,1.05808237,87.5,2
1,5,2.373089153,94.5,1
1,5,2.679422196,103.5,1
1,5,1.31314648,92.5,1
1,5,1.475044175,70.5,2
1,5,2.747162417,75.5,2
1,5,0.932253014,108,1
1,5,1.071935011,102.5,1
1,5,0.910213459,75,2
1,5,1.817524543,99,1
1,5,0.889837028,97.5,1
1,5,1.122395481,86,2
1,5,5.266281168,107.5,1
1,5,1.219833108,74,2
1,5,0.975007118,98.5,1
1,5,1.24627596,101,1
1,5,1.045609556,77,2
1,5,2.380921697,76.5,2
1,5,1.217524902,85.5,2
1,5,2.916993463,86.5,2
1,5,1.042307998,100,1
1,5,1.435428193,78,2
1,5,1.15921929,93.5,1
1,5,1.318518411,95.5,1
1,5,1.111649251,103,1
1,5,1.233987368,81.5,2
1,5,1.067059187,83,2
1,5,0.962929421,76.5,2
1,5,0.946120888,82,2
1,5,2.250765331,88.5,2
1,5,1.133086909,83,2
1,5,1.154690008,98,1
1,5,1.159510234,80,2
1,5,0.958743353,104.5,1
1,5,0.915735472,104,1
1,5,1.293268318,78.5,2
1,5,0.963708267,71,2
1,5,0.801538364,73,2
1,5,0.970120906,79,2
1,5,1.04350156,88,2
1,5,2.006861948,91,1
1,5,1.371723479,97,1
1,5,1.016317508,99.5,1
1,5,1.327200074,87.5,2
1,5,3.821639425,84.5,2
1,5,0.903766368,92.5,1
1,5,1.393664377,97.5,1
1,5,1.039429638,99.5,1
1,5,1.276099604,103.5,1
1,5,1.071801164,110,1
1,5,1.159751001,83.5,2
1,5,0.781156562,101.5,1
1,5,1.250712933,88.5,2
1,5,0.968595025,74.5,2
1,5,1.050833408,85,2
1,5,0.988208397,88,2
1,5,1.576208623,79,2
1,5,1.398254148,70,2
1,5,0.819388884,84,2
1,5,1.132077691,107,1
1,5,0.880934183,108.5,1
1,5,1.741836386,91,1
1,5,0.874443261,105.5,1
1,5,0.947821234,107.5,1
1,5,1.066788298,93.5,1
1,5,1.105116432,97,1
1,5,0.877645652,80.5,2
1,5,0.914408566,75.5,2
1,5,1.118289343,72,2
1,5,0.796534538,71.5,2
1,5,2.466259601,73.5,2
1,5,1.680786776,71.5,2
1,5,0.909434056,99,1
1,5,1.020517249,72,2
1,5,0.800159419,75,2
1,5,1.037918161,87,2
1,5,0.866525827,77,2
1,5,0.88211998,76,2
1,5,1.445071162,94,1
1,5,0.925606584,96.5,1
1,5,0.924505981,96,1
1,5,0.833215334,105,1
1,5,0.767222207,86.5,2
1,5,0.783620122,74,2
1,5,1.409438793,110,1
1,5,1.166510084,100.5,1
1,5,0.962762556,79.5,2
1,5,0.770122829,101,1
1,6,0.989293006,98.5,1
1,6,1.095980831,73.5,2
1,6,6.02069238,91.5,1
1,6,1.26338964,105.5,1
1,6,0.931174563,109.5,1
1,6,2.304728181,93,1
1,6,1.672046335,95,1
1,6,1.585319888,78.5,2
1,6,1.079543222,76,2
1,6,1.17639722,101.5,1
1,6,1.472892211,71,2
1,6,1.058551307,80.5,2
1,6,1.235574493,81.5,2
1,6,0.937443309,105,1
1,6,6.164294528,106,1
1,6,2.635296365,70.5,2
1,6,1.092166023,93,1
1,6,1.169875889,109,1
1,6,0.890908909,98,1
1,6,1.282132887,102,1
1,6,1.049253326,104.5,1
1,6,1.424783339,84.5,2
1,6,5.429629063,92,1
1,6,3.713028825,82.5,2
1,6,1.232626368,108.5,1
1,6,1.063536595,96.5,1
1,6,4.326356496,103,1
1,6,1.683549798,77.5,2
1,6,1.064664766,94,1
1,6,1.37361306,86,2
1,6,3.432347972,94.5,1
1,6,1.141256263,74.5,2
1,6,1.051708707,81,2
1,6,1.057557577,85,2
1,6,5.875760645,80,2
1,6,5.747388563,83.5,2
1,6,1.438508923,70,2
1,6,1.295896664,73,2
1,6,9.457304685,108,1
1,6,8.084370553,92,1
1,6,0.856281805,77.5,2
1,6,0.828687616,106.5,1
1,6,5.748497,95,1
1,6,1.886911658,82,2
1,6,2.365323901,87,2
1,6,7.726640824,109.5,1
1,6,1.225195876,82.5,2
1,6,1.212679887,100.5,1
1,6,0.875270317,102,1
1,6,2.815170742,90.5,1
1,6,1.492361121,89,2
1,6,1.362142104,78,2
1,6,1.044206693,79.5,2
1,6,1.028290139,72.5,2
1,6,1.024132557,109,1
1,6,1.19847274,102.5,1
1,6,0.909429933,106,1
1,6,0.928339243,84,2
1,6,1.184125997,81,2
1,6,1.241601807,96,1
1,6,0.930959111,104,1
1,6,0.879635699,106.5,1
1,6,0.847933554,100,1
1,6,0.873175626,72.5,2
1,6,0.983532643,85.5,2
1,6,0.810589092,107,1
1,6,1.052363049,95.5,1
1,6,0.772338758,87.5,2
1,6,3.715296986,94.5,1
1,6,1.063586859,103.5,1
1,6,0.958212413,92.5,1
1,6,1.170607699,70.5,2
1,6,1.548448594,75.5,2
1,6,0.947546568,108,1
1,6,5.639885572,102.5,1
1,6,1.568758642,75,2
1,6,1.405494793,99,1
1,6,1.179854286,97.5,1
1,6,0.866545668,86,2
1,6,1.226308041,107.5,1
1,6,1.260199014,74,2
1,6,1.232959673,98.5,1
1,6,1.360098059,101,1
1,6,1.119439069,77,2
1,6,1.914658029,76.5,2
1,6,2.239843298,85.5,2
1,6,1.050057517,86.5,2
1,6,0.941893591,100,1
1,6,1.64196405,78,2
1,6,1.405438225,95.5,1
1,6,1.002124225,103,1
1,6,1.823252634,81.5,2
1,6,1.691289653,83,2
1,6,0.855781732,76.5,2
1,6,1.426500221,82,2
1,6,2.121573234,88.5,2
1,6,1.091183771,83,2
1,6,1.141959453,98,1
1,6,1.332397506,80,2
1,6,1.645770104,104.5,1
1,6,1.172209798,104,1
1,6,2.019372826,78.5,2
1,6,0.914963487,71,2
1,6,1.015895029,73,2
1,6,0.998775366,79,2
1,6,1.998829567,88,2
1,6,3.496161997,91,1
1,6,1.520701839,97,1
1,6,1.306516593,99.5,1
1,6,1.299876685,87.5,2
1,6,2.964618543,84.5,2
1,6,1.260922126,92.5,1
1,6,1.604623216,97.5,1
1,6,3.261143113,99.5,1
1,6,0.863002465,103.5,1
1,6,0.831178594,110,1
1,6,1.371072136,83.5,2
1,6,1.023136163,101.5,1
1,6,4.326329345,88.5,2
1,6,1.273854372,74.5,2
1,6,0.96690076,85,2
1,6,1.307752607,88,2
1,6,0.806535915,79,2
1,6,0.96444503,70,2
1,6,8.655711136,84,2
1,6,0.99285072,107,1
1,6,2.147839621,108.5,1
1,6,0.99211553,105.5,1
1,6,1.158946393,107.5,1
1,6,2.628484291,97,1
1,6,3.775948912,80.5,2
1,6,1.342038589,75.5,2
1,6,1.156179318,72,2
1,6,0.888098576,71.5,2
1,6,0.851911772,73.5,2
1,6,0.861520057,71.5,2
1,6,4.042452131,99,1
1,6,1.086364049,72,2
1,6,0.977935078,75,2
1,6,1.061848559,87,2
1,6,0.850204129,77,2
1,6,1.035019137,76,2
1,6,1.292909306,94,1
1,6,1.33518648,96.5,1
1,6,1.068008088,96,1
1,6,3.802324433,105,1
1,6,1.472597917,86.5,2
1,6,0.734248436,74,2
1,6,0.943962518,110,1
1,6,1.252038536,100.5,1
1,6,0.730302546,79.5,2
1,6,1.016542086,101,1
1,7,1.838005558,98.5,1
1,7,5.861750633,89.5,2
1,7,3.349218714,73.5,2
1,7,2.580898822,91.5,1
1,7,6.099043335,105.5,1
1,7,1.331305195,109.5,1
1,7,3.739545941,89,2
1,7,2.710667034,93,1
1,7,2.190897053,95,1
1,7,1.763332034,78.5,2
1,7,2.761488006,76,2
1,7,2.420612444,101.5,1
1,7,2.475271024,71,2
1,7,1.454145035,80.5,2
1,7,4.758734852,81.5,2
1,7,2.851135807,105,1
1,7,1.492462123,106,1
1,7,1.770152848,70.5,2
1,7,2.675700598,93,1
1,7,1.572032447,109,1
1,7,1.507217585,98,1
1,7,1.313343511,102,1
1,7,2.029086446,104.5,1
1,7,2.55144299,84.5,2
1,7,3.016487636,92,1
1,7,6.131718611,82.5,2
1,7,1.499026511,108.5,1
1,7,2.272033395,96.5,1
1,7,3.466983801,89.5,2
1,7,2.440160225,103,1
1,7,4.250253902,77.5,2
1,7,2.973400956,94,1
1,7,1.631941795,86,2
1,7,3.422929237,94.5,1
1,7,1.778124703,74.5,2
1,7,1.624509002,81,2
1,7,1.41002525,85,2
1,7,1.685289447,80,2
1,7,2.487694077,83.5,2
1,7,2.582096393,70,2
1,7,4.581461313,73,2
1,7,0.988242087,108,1
1,7,2.366358724,92,1
1,7,4.784178918,77.5,2
1,7,1.82550441,106.5,1
1,7,2.84723406,82,2
1,7,4.875035783,87,2
1,7,1.935615452,109.5,1
1,7,1.838322899,82.5,2
1,7,2.3002225,100.5,1
1,7,1.382901663,102,1
1,7,3.294540968,90.5,1
1,7,1.421909083,78,2
1,7,2.651181456,91.5,1
1,7,2.449211555,79.5,2
1,7,2.109396802,72.5,2
1,7,1.492522613,109,1
1,7,1.943024831,102.5,1
1,7,1.320317706,106,1
1,7,1.520470753,84,2
1,7,1.319766377,81,2
1,7,1.593826278,96,1
1,7,1.94541895,104,1
1,7,1.018680791,106.5,1
1,7,1.087909713,100,1
1,7,1.101446249,72.5,2
1,7,1.862637729,85.5,2
1,7,1.338640294,107,1
1,7,1.55881785,95.5,1
1,7,2.338761177,87.5,2
1,7,1.773980193,94.5,1
1,7,1.442891456,103.5,1
1,7,3.991220415,92.5,1
1,7,1.207717707,70.5,2
1,7,2.13514223,75.5,2
1,7,1.458847062,108,1
1,7,1.224187994,102.5,1
1,7,1.674847368,75,2
1,7,1.334777888,99,1
1,7,1.475487703,97.5,1
1,7,3.12000142,86,2
1,7,4.331845847,107.5,1
1,7,1.893207319,74,2
1,7,2.463400967,98.5,1
1,7,1.492878319,101,1
1,7,1.117324403,77,2
1,7,1.665718079,76.5,2
1,7,1.835630745,85.5,2
1,7,1.783891343,86.5,2
1,7,1.438201086,100,1
1,7,2.28560073,78,2
1,7,2.665220486,93.5,1
1,7,1.781048181,95.5,1
1,7,2.10777746,103,1
1,7,1.295687823,81.5,2
1,7,1.431599326,83,2
1,7,1.147129785,76.5,2
1,7,1.316312329,82,2
1,7,3.116022613,88.5,2
1,7,1.962024476,83,2
1,7,2.52854519,98,1
1,7,1.283971214,80,2
1,7,1.994766671,104.5,1
1,7,1.500550058,104,1
1,7,2.265951476,78.5,2
1,7,2.405713082,71,2
1,7,1.411601413,73,2
1,7,1.590260149,79,2
1,7,2.574003277,88,2
1,7,2.280141396,91,1
1,7,1.944130278,97,1
1,7,0.969893431,99.5,1
1,7,2.200816907,87.5,2
1,7,1.365786527,84.5,2
1,7,2.467558656,92.5,1
1,7,1.311832427,97.5,1
1,7,1.365891862,99.5,1
1,7,1.193504436,103.5,1
1,7,1.298724192,110,1
1,7,2.156982821,83.5,2
1,7,1.242065858,101.5,1
1,7,1.703498708,88.5,2
1,7,2.70710798,74.5,2
1,7,1.093425486,85,2
1,7,1.477045134,88,2
1,7,1.398545141,79,2
1,7,1.0037744,70,2
1,7,1.099169333,84,2
1,7,1.48510068,107,1
1,7,1.070520748,108.5,1
1,7,2.644059191,91,1
1,7,1.293687748,105.5,1
1,7,3.808330542,107.5,1
1,7,2.656246845,93.5,1
1,7,1.52803622,97,1
1,7,1.54706183,80.5,2
1,7,1.336494484,75.5,2
1,7,1.201328824,72,2
1,7,0.965000889,71.5,2
1,7,1.881891593,73.5,2
1,7,0.988485188,71.5,2
1,7,5.869945124,99,1
1,7,1.289952263,72,2
1,7,1.391598055,75,2
1,7,2.097391715,87,2
1,7,0.998708449,77,2
1,7,1.366015487,76,2
1,7,1.24174376,94,1
1,7,1.322431105,96.5,1
1,7,1.570196005,96,1
1,7,1.924855479,105,1
1,7,1.517782543,86.5,2
1,7,1.525971955,74,2
1,7,1.170912559,110,1
1,7,1.209023196,100.5,1
1,7,1.29688022,79.5,2
1,7,1.883738574,101,1
1,8,7.202870774,98.5,1
1,8,7.729855915,91.5,1
1,8,1.113301885,105.5,1
1,8,0.825233727,109.5,1
1,8,3.316765055,93,1
1,8,2.164500106,95,1
1,8,3.538026187,78.5,2
1,8,1.050669686,76,2
1,8,3.959683464,101.5,1
1,8,0.881830944,71,2
1,8,0.940990058,81.5,2
1,8,3.956003857,105,1
1,8,2.615885216,106,1
1,8,2.850873341,70.5,2
1,8,1.278908273,93,1
1,8,0.942826075,109,1
1,8,0.989227054,98,1
1,8,2.935688094,102,1
1,8,0.837491116,104.5,1
1,8,2.455350838,84.5,2
1,8,4.004102285,92,1
1,8,2.330781109,82.5,2
1,8,2.79686594,108.5,1
1,8,0.98242725,96.5,1
1,8,2.842707663,103,1
1,8,2.692716649,77.5,2
1,8,2.900702,94,1
1,8,2.939258432,86,2
1,8,3.707484247,94.5,1
1,8,2.028484998,74.5,2
1,8,1.175483238,81,2
1,8,2.73503225,85,2
1,8,1.125091112,80,2
1,8,1.160142314,83.5,2
1,8,0.800172162,70,2
1,8,1.484236606,73,2
1,8,0.787639894,108,1
1,8,1.585986755,92,1
1,8,2.6606711,77.5,2
1,8,3.298510487,106.5,1
1,8,0.986511396,95,1
1,8,2.727491943,82,2
1,8,1.107585143,87,2
1,8,2.69174864,109.5,1
1,8,0.760990447,82.5,2
1,8,1.543206011,100.5,1
1,8,3.144938352,102,1
1,8,1.679212734,89,2
1,8,2.882061201,78,2
1,8,1.114502191,91.5,1
1,8,0.880075031,79.5,2
1,8,0.865900887,72.5,2
1,8,2.618002343,109,1
1,8,2.803727429,102.5,1
1,8,2.398253196,106,1
1,8,0.926311281,84,2
1,8,1.190316027,81,2
1,8,1.504024455,96,1
1,8,0.83092543,104,1
1,8,1.265250567,106.5,1
1,8,0.892624067,100,1
1,8,2.735793876,72.5,2
1,8,1.039713093,85.5,2
1,8,1.8825747,107,1
1,8,1.02970485,95.5,1
1,8,2.474006058,87.5,2
1,8,1.113129885,94.5,1
1,8,0.958757947,103.5,1
1,8,1.705527966,92.5,1
1,8,3.019165589,70.5,2
1,8,0.852691296,75.5,2
1,8,1.278346215,108,1
1,8,1.137218008,102.5,1
1,8,3.012943679,75,2
1,8,0.951888075,99,1
1,8,2.589102405,97.5,1
1,8,1.993424559,86,2
1,8,1.048261104,107.5,1
1,8,1.755978012,74,2
1,8,2.096014746,98.5,1
1,8,0.779102548,101,1
1,8,1.494099523,77,2
1,8,0.752541311,76.5,2
1,8,1.567147304,85.5,2
1,8,0.870762192,86.5,2
1,8,2.752288844,100,1
1,8,3.072988447,78,2
1,8,0.749432827,93.5,1
1,8,0.807812086,95.5,1
1,8,2.284644758,103,1
1,8,0.91748658,81.5,2
1,8,0.79960051,83,2
1,8,2.487505622,76.5,2
1,8,2.536119514,82,2
1,8,1.301298422,88.5,2
1,8,1.202339104,83,2
1,8,2.350142988,98,1
1,8,1.042905445,80,2
1,8,0.782618263,104.5,1
1,8,2.931437362,104,1
1,8,1.324102211,78.5,2
1,8,3.838644614,71,2
1,8,1.774540832,73,2
1,8,0.75373042,79,2
1,8,1.303076047,88,2
1,8,1.481523847,91,1
1,8,0.873692353,97,1
1,8,0.860637238,99.5,1
1,8,1.36973256,87.5,2
1,8,2.809660766,84.5,2
1,8,1.870682545,92.5,1
1,8,0.881359863,97.5,1
1,8,2.797585885,99.5,1
1,8,2.055199782,103.5,1
1,8,2.50914893,110,1
1,8,1.135771858,83.5,2
1,8,2.400363965,101.5,1
1,8,1.223841599,88.5,2
1,8,2.307973932,74.5,2
1,8,2.92690032,85,2
1,8,1.324857215,88,2
1,8,1.119168381,79,2
1,8,0.980457094,70,2
1,8,1.137652464,84,2
1,8,2.379441151,107,1
1,8,2.373700588,108.5,1
1,8,2.668720433,91,1
1,8,1.288451122,105.5,1
1,8,0.689301587,107.5,1
1,8,2.499040534,93.5,1
1,8,1.116962798,97,1
1,8,0.947018788,80.5,2
1,8,0.987585632,75.5,2
1,8,0.86524274,72,2
1,8,2.340789757,71.5,2
1,8,1.035956053,73.5,2
1,8,0.823082702,71.5,2
1,8,3.355761616,99,1
1,8,2.936392508,72,2
1,8,0.906873335,75,2
1,8,1.176927108,87,2
1,8,2.697561535,77,2
1,8,0.944532767,76,2
1,8,0.787428472,94,1
1,8,0.916365938,96.5,1
1,8,1.095434652,96,1
1,8,2.53947414,105,1
1,8,2.384951576,86.5,2
1,8,2.560025947,74,2
1,8,0.691464896,110,1
1,8,0.901738886,100.5,1
1,8,0.70636369,79.5,2
1,8,2.701452316,101,1
1,9,6.108842341,93,1
1,9,2.97679431,95,1
1,9,1.4678366,78.5,2
1,9,2.262484128,76,2
1,9,1.684000626,101.5,1
1,9,1.459986159,71,2
1,9,2.560800342,80.5,2
1,9,1.443550238,81.5,2
1,9,1.465774136,105,1
1,9,3.378502548,106,1
1,9,1.641538386,70.5,2
1,9,2.616757421,93,1
1,9,3.383448239,109,1
1,9,2.027713632,98,1
1,9,1.827315889,102,1
1,9,1.19183056,104.5,1
1,9,1.599870396,84.5,2
1,9,2.047758447,92,1
1,9,1.143873164,82.5,2
1,9,1.48369924,108.5,1
1,9,2.579225318,96.5,1
1,9,4.929597287,89.5,2
1,9,1.479826103,103,1
1,9,1.972028647,77.5,2
1,9,1.669255804,94,1
1,9,1.141387139,86,2
1,9,1.311868594,94.5,1
1,9,2.851828231,74.5,2
1,9,1.446714856,81,2
1,9,1.63737703,85,2
1,9,1.50680467,80,2
1,9,1.066992883,83.5,2
1,9,1.261300963,70,2
1,9,1.095826721,73,2
1,9,1.065810129,108,1
1,9,2.563317583,92,1
1,9,1.153930456,77.5,2
1,9,1.642566513,106.5,1
1,9,1.739031067,95,1
1,9,2.930145882,82,2
1,9,1.750140818,87,2
1,9,1.509388692,109.5,1
1,9,1.623966227,82.5,2
1,9,2.147104816,100.5,1
1,9,1.212738266,102,1
1,9,4.21596551,90.5,1
1,9,3.889825285,89,2
1,9,1.168083549,78,2
1,9,2.591824831,91.5,1
1,9,1.950077918,79.5,2
1,9,1.071653876,72.5,2
1,9,1.408148177,109,1
1,9,2.770323621,102.5,1
1,9,1.076835813,106,1
1,9,1.456322466,84,2
1,9,1.129578487,81,2
1,9,1.378022212,96,1
1,9,0.960871421,104,1
1,9,0.943713489,106.5,1
1,9,1.554650521,100,1
1,9,1.151851837,72.5,2
1,9,1.243477129,85.5,2
1,9,0.942533956,107,1
1,9,1.446770466,95.5,1
1,9,1.218928188,87.5,2
1,9,1.859517725,94.5,1
1,9,1.235725876,103.5,1
1,9,2.46059172,92.5,1
1,9,2.871571529,75.5,2
1,9,1.15237527,108,1
1,9,1.290265512,102.5,1
1,9,1.058573616,75,2
1,9,1.148641419,99,1
1,9,1.92890244,97.5,1
1,9,1.205626686,86,2
1,9,1.125202077,107.5,1
1,9,1.094532101,74,2
1,9,1.290727686,98.5,1
1,9,0.958696841,101,1
1,9,0.910811057,77,2
1,9,1.161996053,76.5,2
1,9,1.569393984,85.5,2
1,9,1.443044509,86.5,2
1,9,2.033784,100,1
1,9,1.242339454,78,2
1,9,1.025482935,93.5,1
1,9,1.030188058,95.5,1
1,9,1.054296756,103,1
1,9,1.032211719,81.5,2
1,9,1.089412117,83,2
1,9,1.15604147,76.5,2
1,9,1.237324233,82,2
1,9,1.127859501,88.5,2
1,9,0.773227046,83,2
1,9,1.960890168,98,1
1,9,1.143519788,80,2
1,9,0.998681929,104.5,1
1,9,1.121322718,104,1
1,9,1.194338134,78.5,2
1,9,0.922381282,71,2
1,9,9.143352671,73,2
1,9,1.231217502,79,2
1,9,1.935812633,88,2
1,9,1.563716503,91,1
1,9,4.33321257,97,1
1,9,1.18306861,99.5,1
1,9,1.286800258,87.5,2
1,9,1.287682225,84.5,2
1,9,1.759591173,92.5,1
1,9,1.285206391,97.5,1
1,9,1.266649403,99.5,1
1,9,1.550539792,103.5,1
1,9,1.59859659,110,1
1,9,1.038449315,83.5,2
1,9,1.365831486,101.5,1
1,9,1.450100421,88.5,2
1,9,1.073007208,74.5,2
1,9,1.686855696,85,2
1,9,2.827572919,88,2
1,9,1.247587198,79,2
1,9,1.250139787,70,2
1,9,1.420582899,84,2
1,9,1.173893012,107,1
1,9,1.387840952,108.5,1
1,9,5.22102899,91,1
1,9,1.048018053,105.5,1
1,9,0.908743045,107.5,1
1,9,2.23160761,93.5,1
1,9,1.192470756,97,1
1,9,1.329767356,80.5,2
1,9,1.13438922,75.5,2
1,9,1.118517003,72,2
1,9,0.848593642,71.5,2
1,9,1.48488329,73.5,2
1,9,1.075286841,71.5,2
1,9,0.961483834,99,1
1,9,1.130857203,72,2
1,9,0.857216758,75,2
1,9,1.461922129,87,2
1,9,1.370163473,77,2
1,9,0.976296646,76,2
1,9,1.035729221,94,1
1,9,1.090892417,96.5,1
1,9,0.897529633,96,1
1,9,0.987124039,105,1
1,9,1.598778893,86.5,2
1,9,1.162306124,74,2
1,9,1.10500122,110,1
1,9,1.604445365,100.5,1
1,9,1.10307417,79.5,2
1,9,1.113168753,101,1
